Places,City,Start Timings,End Timings,Ratings(Google),Reviewed,Latitude,Longitude
Golconda Fort,Hyderabad,9:00 AM,5:03 PM,4.8,93324,17.3847636,78.4033392
Charminar,Hyderabad,9:00 AM,5:03 PM,4.5,142944,17.3615636,78.4746645
Mecca Masjid,Hyderabad,4:00 AM,9:30 PM,4.7,9818,17.3604416,78.4735712
Qutb Shahi Tombs,Hyderabad,9:30 AM,6:30 PM,4.4,12859,17.3950064,78.3967542
Hussain Sagar Lake,Hyderabad,8:00 AM,10:00 PM,4.3,7706,17.4238798,78.4738215
Ramoji Film City,Hyderabad,9:00 AM,5:30 PM,4.4,"13,811",17.4435013,78.460737
Salar Jung Museum,Hyderabad,10:00 AM,5:00 PM,4.4,49930,17.3712932,78.4803485
Chowmahalla Palace,Hyderabad,10:00 AM,5:00 PM,4.4,30031,17.3578233,78.4716897
Paigah Tombs,Hyderabad,10:00 AM,5:00 PM,4.7,"2,141",17.343983,78.504131
Birla Mandir,Hyderabad,7:00 AM,9:00 PM,4.7,"24,653",17.4062367,78.4690601
Jala Vihar,Hyderabad,11:00 AM,7:00 PM,4,"27,935",17.4325926,78.4647823
Lumbini Park,Hyderabad,9:00 AM,9:00 PM,4,"55,672",17.4098755,78.4731518
Nehru Zoo Park,Hyderabad,8:00 AM,5:00 PM,4.2,"66,432",17.350678,78.4513068
Snow world,Hyderabad,11:00 AM,9:00 PM,4,"11,862",17.4145708,78.4809225
NTR Gardens,Hyderabad,2:30 PM,8:30 PM,4.2,"71,415",17.4124512,78.4688386
Shilparamam,Hyderabad,10:30 AM,8:00 PM,4.3,"71,006",17.452573,78.3783065
Chilkur Balaji Temple,Hyderabad,5:00 AM,8:00 PM,4.7,"31,731",17.3586513,78.2988174
Mount Opera,Hyderabad,11:00 AM,6:00 PM,3.6,"1,938",17.385044,78.486671
Sanghi Temple,Hyderabad,8:00 AM,8:00 PM,4.6,"11,566",17.2668077,78.6759666
Botanical Gardens,Hyderabad,5:30 AM,6:00 PM,4.2,"17,250",17.4539898,78.3572149
Birla Planetarium,Hyderabad,11:30 AM,8:00 PM,4.2,534,17.4032707,78.4702627
Laad Bazaar,Hyderabad,11:00 AM,11:00 PM,4,334,17.3628791,78.4741288
Sri Undrugonda Narasimhaswamy Temple,Suryapet,9:00 AM,9:00 PM,4.8,137,17.0833943,79.6908921
Jan Pahad Dargah,Suryapet,9:00 AM,9:00 PM,4.2,224,16.7420504,79.7245635
Phanigiri,Suryapet,8:00 AM,7:00 PM,4.3,115,17.4194641,79.4724978
Mallacheruvu,Suryapet,5:30 AM,7:00 PM,4,73,16.8192144,79.9290642
Jurala Dam,Mahabubnagar,7:30 AM,8:30 PM,4.2,"1,232",16.3375,77.704444
Koilkonda Fort and Koilsagar Dam,Mahabubnagar,6:00 AM,8:00 PM,4.3,91,16.7585963,77.7888326
Gadwal Fort,Mahabubnagar,7:00 AM,9:00 PM,4.1,"2,778",16.2369997,77.7993049
Lalitha Someswara Swamy Temple,Mahabubnagar,6:30 AM,7:00 PM,4.3,381,16.048476,78.3265029
Kollapur,Mahabubnagar,"6:00AM , 6:00PM","9:00AM , 8:00PM",4.2,134,16.1060334,78.3191698
Alampur,Mahabubnagar,5:30 AM,8:30 PM,4.1,152,15.8843491,78.1193823
Pangal Fort,Mahabubnagar,7:00 AM,7:00 PM,4.5,231,16.2525661,78.1257976
Chandraghad Fort,Mahabubnagar,No fixed time,No fixed time,4.3,4,16.3895583,77.7051443
Ghanpur Fort,Mahabubnagar,6:00 AM,7:30 PM,4.2,131,16.574794,78.0510638
Pillalamarri,Mahabubnagar,8:00 AM,6:00 PM,4.2,"1,688",16.7751531,78.0130171
Wanaparthy Palace,Mahabubnagar,7:00 AM,7:00 PM,4.1,131,16.3623118,78.0621824
Kawal Wildlife Sanctuary,Adilabad,7:00 AM,7:00 PM,4.3,1595,19.118895,78.998973
Kuntala Waterfalls,Adilabad,6:00 AM,6:00 PM,4.3,"4,552",19.2846527,78.5032569
Pochera Waterfalls,Adilabad,8:00 AM,6:00 PM,4.3,"1,895",19.3427778,78.3869444
Pranahita Wildlife Sanctuary,Adilabad,7:30 AM,8:00 PM,4.7,11,18.973107,79.7633419
Shivaram Wildlife Sanctuary,Adilabad,7:00 AM,8:30 PM,4.3,112,18.6869537,79.7115903
Kaddam Project,Adilabad,6:00 AM,6:00 PM,4.3,8,19.108056,78.790833
Gayatri WaterFalls,Adilabad,24hrs,,4.3,146,19.328303,78.4693641
Gaandhari Khilla,Adilabad,9:00 AM,7:30 PM,4.4,120,18.9501336,79.414636
Kanakai Waterfalls,Adilabad,24hrs,,4.3,48,19.4378793,78.3734979
Mitte Waterfalls,Adilabad,24hrs,,4.7,122,19.2764909,79.0212166
Sri Gnana Saraswathi Devasthanam,Adilabad,7:30 AM,8:30 PM,4.6,"1,232",18.8779829,77.9561993
Jainath Temple,Adilabad,6:00 AM,8:00 PM,4.5,12,19.7353694,78.6436998
Basar Saraswathi Temple,Adilabad,4:00 AM,8:00 PM,4.4,28,18.8779829,77.9561993
Kadam Dam,Adilabad,6:00 AM,6:00 PM,1.3,399,19.1076857,78.7902777
Gudem Satyanarayana Temple,Adilabad,"5:00 AM,1:00 PM","3:00 PM, 7:00PM",4.6,371,18.9059059,79.1722833
Pedda Gundam Waterfall,Adilabad,3:00 PM,7:00 PM,4.9,9,19.3923813,78.4046599
Sri Ram Sagar Project,Adilabad,9:00 AM,6:00 PM,4.3,15,18.9686106,78.3411074
Sri Komaram Bheem Project,Adilabad,7:00 AM,6:00 PM,4.3,22,19.4334081,79.2237281
Vyasa Maharshi Cave,Adilabad,10:00 AM,5:00 PM,4.5,82,18.8789401,77.9554707
Nirmal Fort,Adilabad,8:00 AM,5:30 PM,4.2,14,19.1024912,78.3454642
Thousand Pillar Temple,Warangal,6:00 AM,8:00 PM,4.5,"18,341",18.003715,79.5747453
Warangal Fort,Warangal,9:00 AM,8:00 PM,4.4,"14,182",17.9561218,79.6147046
Bhadra Kali Temple,Warangal,"5:30 AM,1:00 PM","3:00 PM,8:00 PM",4.7,47,17.994845,79.5828497
Ramappa Temple,Warangal,"4:00 AM,2:00 PM","5:00 PM,9:00 PM",4.5,"4,985",17.9689008,79.5940543
Jain Temple - Kolanupaka,Warangal,"5:00 AM,12:00 PM","5:00 PM, 8:00PM",4.4,"2,377",17.6995455,79.0380562
Siddeswara Temple,Warangal,6:00 AM,9:45 PM,4.6,298,17.995867,79.5730075
Sri Veeranarayana Temple,Warangal,"7:00 AM,12:00 PM","5:00 PM, 6:30 PM",4.2,"1,323",17.9973327,79.5964522
Mallikarjuna Swamy Temple-Inavolu,Warangal,6:30 AM,7:00 PM,4.6,628,17.8663769,79.5455633
Ramappa Lake,Warangal,8:00 AM,5:00 PM,4.5,456,18.2390172,79.9360593
Laknam Cheruvu,Warangal,8:00 AM,5:30 PM,4.4,14,17.9700953,79.629858
Padmakshi Temple,Warangal,6:00 AM,6:00 PM,4.5,751,17.9979416,79.5670925
Anjaneya Swamy Temple,Warangal,10:00 AM,9:00 PM,4.5,31,17.96433,79.5995654
Kakatiya Musical Garden,Warangal,9:00 AM,8:00 PM,3.7,"1,550",17.9910527,79.588824
Kakatiya Zoological Park,Warangal,9:30 AM,5:00 PM,4,"3,310",17.9919837,79.5596114
Kush Mahal,Warangal,9:00 AM,6:00 PM,4.3,409,17.9563018,79.6131429
Ekashila Lake & Children Garden,Warangal,9:00 AM,7:00 PM,4.2,"1,069",17.9552126,79.6158086
Sri Kotilingeshwara Swamy Temple,"Siddipet,Medak",24 hrs,,4.6,"18,763",18.1078023,78.8260822
Sarabheswara Swamy Temple,"Siddipet,Medak",6:00 AM,8:00 PM,4.6,5,18.1058859,78.8636271
Shiva Temple,"Siddipet,Medak",7:30 AM,8:30 PM,4.4,3,18.1054224,78.862615
Sri Venkateshwara Swamy Temple,"Siddipet,Medak",6:00 AM,1:00 PM,4.5,5,18.104413,78.8474034
Jama Masjid,"Siddipet,Medak",7:00 AM,7:00 PM,4,2,18.1057738,78.8524373
Lal Kaman,"Siddipet,Medak",24hrs,,4.5,796,18.1059749,78.8521439
Narsimha Swami Temple,Khammam,6:30 AM,6:00 PM,,4,17.255027,80.1480918
Khammam Fort,Khammam,6:00 AM,6:00 PM,4.2,"2,285",17.2448704,80.1466588
Palair Reservoir,Khammam,8:00 AM,6:00 PM,4.6,73,17.206394,79.896698
Kaman Bazaar,Khammam,7:00 AM,9:00 PM,4.5,43,17.2457617,80.1403377
Jammalapuram Temple,Khammam,"6:00 AM,1:00 PM","4:00 PM,9:00 PM",4.6,"1,855",16.8317772,80.5196909
Gandhi Chowk,Khammam,7:30 AM,6:30 PM,4.5,311,17.2463926,80.1380487
Kinnerasani Wildlife Sanctuary,Khammam,10:00 AM,5:00 PM,4.5,265,17.6734692,80.6568225
Lakaram Lake,Khammam,9:00 AM,8:00 PM,4.3,120,17.2474713,80.1578599
NTPC Ramagundam,Peddapalli,6:00 AM,8:00 PM,4.4,188,18.7589455,79.455539
Buddhist Stupa,Peddapalli,No fixed time,No fixed time,4.3,122,18.5863205,79.2704854
Ramagir Fort,Peddapalli,9:30 AM,6:30 PM,4.5,116,18.5796586,79.5521947
Siva Temple,Peddapalli,8:00 AM,6:30 PM,4.5,4,18.6148404,79.374371
Siva Trikuta Temple,Peddapalli,5:30 AM,7:30 PM,4.3,13,18.6151461,79.3826826
Sri Vasavi Andal Ranganatha Swamy Temple,Peddapalli,6:00 AM,6:00 PM,4.7,34,18.6068629,79.4217471
Andalamma Old Temple,Peddapalli,7:00 AM,6:00 PM,4.5,30,18.6068629,79.4217471
Nizamabad Fort,Nizamabad,24hrs,-,4.3,631,18.6638826,78.0797173
Kanteshwar Temple,Nizamabad,6:30 AM,8:30 PM,4.7,65,18.6854054,78.1145654
Nizamabad-Mallaram forest,Nizamabad,-,-,4.1,96,18.6485342,78.0309542
Sarangapoor Hanuman temple,Nizamabad,7:00 AM,7:30 PM,4.7,"29,392",18.687261,78.050091
Ali Sagar lake,Nizamabad,7:00 AM,6:30 PM,4.1,112,18.6781934,78.0152577
Nizam Sagar dam,Nizamabad,9:00 AM,12:00 PM,4.3,115,18.2025,77.923889
Kondagattu Anjaneya Swamy temple,Karimnagar,4:00 AM,8:30 PM,4.6,378,18.6794324,78.9228383
Lower Maniar dam,Karimnagar,9:00 AM,5:00 PM,4.5,112,18.399722,79.131111
Nagunur forts and temples,Karimnagar,8:00 AM,6:30 PM,4.3,221,18.5962386,79.2902133
Venkateswara swamy temple,Karimnagar,5:00 AM,9:00 PM,4.2,341,18.4385646,79.1288412
Elgandal fort,Karimnagar,9:00 AM,5:00 PM,4.2,"1,144",18.4210653,79.0408223
Raja Rajeshwara Swamy temple,Karimnagar,4:00 AM,9:00 PM,4.6,"19,655",18.4672669,78.8708811
Pillalamarri temple,Nalgonda,6:00 AM,8:00 PM,4.4,1688,16.7751531,78.0130171
Ethipothala falls,Nalgonda,6:30 AM,9:00 PM,4.4,127,16.5342836,79.4027778
Rachakonda Fort,Hyderabad,9:00 AM,5:30 PM,4,379,17.1813168,78.807115
Chaya Someswara temple,Nalgonda,6:00 Am 2:00PM,12:00 PM 8:00 PM,4.7,"1,191",17.0774514,79.29524
Bhongir Fort,"Miryalaguda,Bhuvanagiri",10:00 AM,5:00 PM,4.3,23,17.5128141,78.8874642
Pachala Someshwara Temple,Nalgonda,9:00 AM(except friday),5:00 PM,4.6,139,17.0797215,79.2881699
Qila fort Jagityal,Jagtial,8:30 AM,6:00 PM,4.3,356,18.8005227,78.9106579
Sri Raja Rajeswara Swamy Devasthanam,"Jagtial,Kannapur",5:00 AM,4:30 PM,5,"19,655",18.8546311,78.89755
sonia gandhi temple mallial,"Jagtial,Mallial",6:00 AM,7:00 PM,2.5,21,18.7053786,78.9387462
Sree Padmanabhaswamy Temple,Thiruvananthapuram,"3:30 AM,6:30 AM,8:30 AM,10:30 AM,11:45 AM,5:00 PM,6:45 PM","4:45 AM,7 AM,10 AM,11:10 AM,12 Noon,6:15 PM,7:20 PM",4.7,"29,606",8.4827779,76.9435906
Napier museum,Thiruvananthapuram,10:00 AM (Monday closed),4:30 PM,4.4,"1,71,143",8.5089657,76.955072
Shangumugham Beach,Thiruvananthapuram,-,-,4.3,"10,845",8.4784498,76.9119061
Thiruvananthapuram Zoo,Thiruvananthapuram,9:00 AM,5:15 PM,4.3,"19,622",8.5100716,76.9550438
Attukal Bhagavathy Temple,Thiruvananthapuram,"5:00 AM,5:00 PM","12:30 Noon,8:30 PM",4.8,"12,880",8.4698623,76.9554858
Kanakakkunnu Palace,Thiruvananthapuram,10:00 AM,9:00 PM,4.5,"15,477",8.5098243,76.9586224
Vellayani Lake,Thiruvananthapuram,-,-,4.5,"1,014",8.4343549,76.9916675
Sri Chitra Art Gallery,Thiruvananthapuram,"10:00:00 AM,(Mon closed)",5:00 PM,4.3,297,8.5109315,76.9552662
Kozhikode Beach,Kozhikode,-,-,4.5,"6,495",11.2626228,75.7673095
Kadalundi Bird Sanctuary,Kozhikode,7:00,6:00 PM,4.1,"3,132",11.1309009,75.8291015
Miskhal Mosque,Kozhikode,5:00 AM,9:00 PM,4.7,876,11.24555,75.776166
Sarovaram Bio Park,Kozhikode,9:00 AM,8:00 PM,3.9,"7,656",11.2687015,75.7928134
Regional Science Centre And Planetarium,Kozhikode,10:00 AM,6:00 PM,4.5,488,11.2632825,75.7856498
Thali Maha Shiva Kshetram,Kozhikode,"5:00 AM,4:00PM","12:00 PM,9:00 P M",4.7,"2,974",11.2478818,75.78754
Pazhassiraja Archaeological Museum,Kozhikode,"9:00 AM,2:00 PM","2:00 PM,4:30 PM",4.2,557,11.2925337,75.77815
Willingdon Island,Kochi,5:00 AM,10:00 PM,4.4,714,9.9363889,76.2538889
Fort Kochi Beach,Kochi,-,-,4.2,"4,064",9.9637158,76.2374611
St. Francis CSI Church,Kochi,10:00 AM,5:00 PM,4.3,"2,006",9.9660596,76.2408739
Mangalavanam Bird Sanctuary,Kochi,9:00 AM,6:00 PM,3.7,"6,304",9.9887401,76.272524
Chottanikara Bhagavathy Temple,Kochi,4:00 AM,8:45 PM,4.7,"18,500",9.9330911,76.391136
Folklore Museum,Kochi,9:00 AM,6:00 PM,4.5,"1,093",9.9330107,76.2989787
Santa Cruz Basilica,Kochi,7:00 AM,6:30 PM,4.5,"4,103",9.9651519,76.2433241
Kollam beach,Kollam,-,-,4.3,"8,934",8.8756778,76.5889163
St Thomas Fort,Kollam,24hrs,-,4.4,8,8.8814756,76.5683086
"Adventure Park, Kollam",Kollam,10:00 AM,6:00 PM,4.2,"4,620",8.8972222,76.584941
Jatayu Earth's Center,Kollam,10:00 AM,9:00 PM,4.4,"8,265",8.8606137,76.8669886
Palaruvi Falls,Kollam,8:00 AM,4:00 PM,4.5,"2,839",8.9421,77.1650515
Thangassery Light House,Kollam,"10:00 AM,2:00 PM","1:00 PM,6:00 PM",4.5,"4,163",8.880661,76.5659215
Kottakkunnu,Malappuram,8:00 AM,2:00 PM,4.2,"6,339",11.0481068,76.0831369
Chamakkayam Riverside Park,Malappuram,24hrs,-,4.1,699,11.0465766,76.0436793
Kadalundi Bird Sanctuary,Malappuram,8:00 AM,8:00 PM,4.1,"3,132",11.1309009,75.8291015
Keralamkundu Waterfalls,Malappuram,8:30 AM,6:00 PM,4.5,317,11.1256443,76.4006424
Kodikuthimala,Malappuram,-,-,4.5,"2,141",10.9760357,76.2254431
Arimbra Hills,Malappuram,24hrs,-,4,"3,096",11.0870237,76.0359719
Our Lady of Dolours Basilica,Thrissur,10:00 AM,5:00 PM,4.7,"5,356",10.5210252,76.2182801
Thrissur Zoo & Museum,Thrissur,"9:00:00 AM,(Mon closed)",5:00 PM,3.8,"13,729",10.5302136,76.2228855
Paramekkavu Bhagavathi Temple Thrissur,Thrissur,"5:00 AM,5:00 PM","10:00 AM,7:00 PM",4.7,"6,655",10.5246515,76.2178606
Sri Vadakkunnathan Temple,Thrissur,"5:00 Am,5:00 PM","11:00 AM,6:25 PM",4.8,"13,245",10.5244979,76.2145112
Vilangan Hills,Thrissur,7:00 AM,7:00 PM,4.2,"3,345",10.5573849,76.1685922
Punnathur Kotta,Thrissur,9:00 AM,5:00 PM,4.4,"5,821",10.6143474,76.0303165
Chavakkad Beach,Thrissur,-,-,4,79,10.5719858,76.0074563
Baby Beach,Kannur,-,-,4.1,180,11.8567962,75.362442
Arakkal Museum Kannur,Kannur,10:00 AM,5:00 PM,4,"2,395",11.8594598,75.3782215
St. Angelo Fort (Kannur Fort),Kannur,8:00 AM,6:00 PM,4.3,"6,935",11.8541418,75.3714455
Sree Sundareswara Temple,Kannur,5:00 AM,8:00 PM,4.6,"1,345",11.8846326,75.3689468
Palakkayam Thattu,Kannur,5:00 AM,9:00 PM,4.5,"6,843",10.9641416,76.5547837
Kannur Lighthouse,Kannur,9:00 AM,6:00 PM,4.3,"2,748",11.8605229,75.3559183
Ezhimala,Kannur,-,-,4.1,845,12.0213447,75.2070644
Dharmadam Island,Kannur,12:00 AM,12:00 PM,4.2,"1,214",11.7700857,75.4508593
Alappuzha Beach,Alappuzha,-,-,4.4,"6,093",9.4927482,76.3177759
Revi Karunakaran Memorial Museum,Alappuzha,"9:00 AM,(Mon closed)",5:00 PM,4.2,916,9.4994753,76.3286078
Punnamada Lake,Alappuzha,6:00 AM,6:00 PM,4.5,314,9.5048249,76.3572165
"Sree Krishna Swamy Temple, Ambalapuzha",Alappuzha,6:00 AM(Sun closed),11:30 PM,4.7,"6,623",9.3832858,76.369503
Marari beach,Alappuzha,-,-,4.4,"11,101",9.6007506,76.2982585
St. Mary's Basilica Church,Alappuzha,6:00 AM,6:30 PM,4.6,828,9.4084978,76.411232
Thirunakkara Mahadeva Temple,Kottayam,"5:00 AM,5:00 PM","12:00 PM,8:00 PM",4.7,"2,884",9.5904116,76.5187803
Vimalagiri Immaculate Heart of Mary Roman Catholic Latin Cathedral,Kottayam,-,-,4.7,421,9.5956781,76.536854
St. Mary's Orthodox Church(Kottayam Cheriapally),Kottayam,"6:00 AM,4:30 PM","11:30 AM,8:30 PM",4.6,361,9.5974273,76.5102331
Mozart Art Gallery,Kottayam,7:30 AM,5:30 PM,4,65,9.6136132,76.4967299
Panachikkadu Dakshina Mookambika Temple,Kottayam,"5:30 AM,5:00 PM","10:30 AM,7:30 PM",4.7,"1,700",9.5379669,76.5524712
Ettumanur Mahadeva temple,Kottayam,"4:00 AM,5:00 PM","12:00 PM,8:00 PM",4.7,"10,316",9.6737273,76.5610739
St. Mary's Forane Church Athirampuzha,Kottayam,9:30 AM,6:30 PM,4.7,"1,082",9.6672515,76.5381764
Palakkad Fort,Palakkad,8:00 AM,6:00 PM,4.3,"16,230",10.7637057,76.6571215
Dhoni Waterfalls,Palakkad,10:30 AM,3:00 PM,4.1,"1,968",10.8597097,76.6228866
Yakshi Statue,Palakkad,10:00 AM,8:00 PM,4.2,533,10.829739,76.6828034
Parambikulam Wildlife Sanctuary,Palakkad,12:00 AM,12:00 PM,4.3,"2,977",10.447006,76.815691
Vadakkanthara Temple,Palakkad,"4:30 AM,4:30 PM","11:30 AM,8:00 PM",4.7,"1,626",10.7794059,76.6454083
Malampuzha Garden,Palakkad,9:00 AM,8:00 PM,4.6,20,10.8304493,76.6800672
Malampuzha Dam,Palakkad,9:00 AM,6:00 PM,4.4,"2,998",10.8305746,76.683805
 Bangalore Palace,Bangalore,10:00 AM - 5:30 PM,,4.2,"67,102",12.998766,77.5921071
 Bannerghatta National Park,Bangalore,"of Bannerghatta Zoo : Butterfly park and boating: 9:30 AM - 5:00 PM, Grand Safari: 10:00 AM - 4:30 PM, Closed on Tuesday",,4.2,83513,12.7985882,77.567835
 Innovative Film City,Bangalore,10:00 AM - 7:00 PM,,3.3,"13,803",12.777992,77.4150754
Lumbini Gardens,Bangalore,"11:00 AM to 7:00 PM, Monday to Sunday",,3.6,"18,398",13.0434124,77.6096254
Chunchi Falls,Bangalore,9:00 AM - 6:00 PM,,3.8,972,12.3513643,77.4427591
Cubbon Park,Bangalore,6:00 AM - 6:00 PM Closed on Mondays and second Tuesdays of Every month. Strictly for morning walkers: 6:00 AM - 8:00 AM,,4.4,"1,01,856",12.9808897,77.5976478
Lalbagh,Bangalore,6:00 AM - 7:00 PM,,4.4,"1,18,476",12.9507432,77.5847773
Nandi Hills,Bangalore,Null,,4.1,1461,13.370154,77.6834551
Ulsoor Lake,Bangalore,6:00 AM ? 8:00 PM; Wednesday closed,,4.1,"2,211",12.9832468,77.6199608
"MG Road, Bangalore",Bangalore,Null,,3.9,"2,132",12.973994,77.6124128
UB City Mall,Bangalore,"Store Timings: 11:00 AM - 8:00 PM, Restaurants on Weekdays: 11:00 AM - 11:30 PM, Restaurants on Friday-Saturday: 11:00 AM - 01:00 AM",,4.5,"49,635",12.9715895,77.5960585
Wonderla Amusement Park,Bangalore,for Wonderla Bangalore : Peak Season Weekends/Weekdays and Normal Season Weekends: 11:00 AM - 7:00 PMNormal Season Weekdays: 11:00 AM - 6:00 PM,,4.1,"2,354",12.8345559,77.4009719
Commercial Street,Bangalore,11:00 AM - 8:00 PM,,4,1207,12.9817989,77.609561
" ISKCON Temple, Bangalore",Bangalore,"Darshan Timings: 4:15AM - 5:00 AM, 7:15AM - 1:00 PM and 4:00 PM - 8:30 PM",,4.6,"78,619",13.0098328,77.5510964
"Shiva Temple, Bangalore",Bangalore,Open 24 hour,,4,132,12.958333,77.656531
Jawaharlal Nehru Planetarium,Bangalore,"10:00 AM - 5:30 PM (closed on Mondays, second Tuesdays, local and national holidays)",,4.3,"1,780",12.9848665,77.5896341
"Go-Karting, Bangalore",Bangalore,Null,,4,"3,677",12.8932948,77.4607932
Tipu Sultan's Summer Palace,Bangalore,Monday - Saturday: 10:00 AM - 6:00 PMSunday: 8:30 AM - 5:00 PM,,3.9,"20,523",12.9593513,77.5736415
 Muthyala Maduvu (Pearl Valley),Bangalore,Monday-Sunday- 6:00AM-6:00PM,,3.5,"3,565",12.7012024,77.6413233
Bangalore Aquarium,Bangalore,"10:30 AM - 5:30 PM, All days of the week except Mondays and second Tuesdays of the month.",,3.6,"3,285",12.9765148,77.5985397
HAL Aerospace Museum,Bangalore,9:00 AM - 5:00 PM,,4.4,"21,923",12.954655,77.6809058
Vidhana Soudha,Bangalore,10:00 AM - 5:30 PM (Closed on weekends and public holidays),,4.5,"2,792",12.9796734,77.5912443
Bull Temple,Bangalore,6:00 AM - 8:00 PM,,4.7,"11,372",12.958475,77.5673016
St. Mary's Basilica Bangalore,Bangalore,6:00 AM - 8:00 PM,,4.6,"11,138",12.9844238,77.60428
Maha Bodhi Society Temple,Bangalore,9:00 AM - 7:00 PM,,4.7,"1,088",12.9783165,77.5808705
Sankey Tank,Bangalore,6:00 AM to 8:00 PMWeekly Holiday - FridayTimings to hire boats: 6:00 AM to 10:00 AM and 12 Noon to 5:00 PM,,4.5,2129,13.0092983,77.5741212
 Visvesvaraya Industrial and Technological Museum,Bangalore,10:00 AM - 6:00 PM,,4.1,132,12.9752264,77.5963449
Art of Living International Centre,Bangalore,9:00 AM - 8:00 PM,,4,121,12.8255839,77.5088674
Ragigudda Anjaneya Temple,Bangalore,"08:30 AM - 11:30 AM and 05:00 PM - 08:30 PM, Monday - Saturday 08:30 AM - 12:30 PM and 05:00 PM - 09:00 PM, Sunday",,4.7,"12,476",12.9142864,77.593172
 Venkatappa Art Gallery,Bangalore,"10:00 AM - 5:00 PM, Closed on Monday",,4.2,952,12.9742357,77.5953023
 Devanahalli Fort,Bangalore,24 hr,,3.9,"4,364",13.249755,77.708187
 Halasuru Someshwara Temple,Bangalore,Morning: 06:00 AM - 12:30 PM Evening: 05:30 PM - 09:00 PM,,4.7,"6,258",12.9756228,77.62396
 Big Banyan Tree,Bangalore,9:30 AM - 6:00 PM,,4.1,11158,12.9093703,77.3958402
 Indian Music Experience,Bangalore,10:00 A.M.- 6:00 P.M. ( Tuesday- Sunday),,4.2,135,12.8917699,77.5837163
Indira Gandhi Musical Fountain Park,Bangalore,7:00 PM - 8:30 PM Closed on Mondays and Second Tuesdays of every month,,4.1,"7,833",12.9851177,77.5915915
 Siddara Betta,Bangalore,24 hr,,4,271,13.5650984,77.142045
"National Gallery Of Modern Art, Bangalore",Bangalore,10:00 AM - 5:00 PM Closed on Monday,,4.4,738,12.9894116,77.5880553
 Bilikal Rangaswamy Betta,Bangalore,24 hr,,4.4,1401,12.5536734,77.5123858
 Avalabetta,Bangalore,24 hr,,4.3,"3,713",13.5804958,77.6746703
4Manchanabele Dam,Bangalore,24 hr,,4.1,"1,656",12.8748817,77.336068
Skandagiri,Bangalore,6:00 AM to 8:00 PM,,4,211,12.9715987,77.5945627
Bananthimari Betta,Bangalore,24 hr,,4.6,50,12.5658786,77.3819125
Doddamakali,Bangalore,24 hr,,3.7,22,12.3083973,77.2155461
 Devarayanadurga,Bangalore,Null,,4,17,13.3741575,77.2127134
Ranga Shankara,Bangalore,Null,,4.7,"8,708",12.9115902,77.5871134
 Bangalore Turf Club,Bangalore,Null,,4.2,4412,12.9838889,77.5836111
Belgaum Fort,Belgaum,"8:00 AM to 6:30 PM, Daily",,4,"1,101",15.8593795,74.5243564
Kapileshwar,Belgaum,Null,,4.1,137,15.8518652,74.5157039
 Gokak Falls,Belgaum,24 hour,,4.5,"1,015",16.1925858,74.7770475
Ramakrishna Mission Ashram,Belgaum,"7:00 AM to 7:00 PM, Daily",,4.4,171,15.8595733,74.5219564
Kamal Basti,Belgaum,Null,,4.5,810,15.8593795,74.5243564
Fort Lake (Kote Kere),Belgaum,Null,,4,31,15.866159,74.5265937
Khade Bazaar,Belgaum,Null,,4.1,"1,079",15.8615088,74.5170905
Rakaskop Dam,Belgaum,Null,,4.2,17,15.7940505,74.3719431
Military Mahadev Temple,Belgaum,6:00 AM - 8:00 PM,,4.5,"1,633",15.846171,74.5047407
 Godchinamalaki Falls,Belgaum,Null,,4.5,"1,800",16.1237569,74.7452239
Vajrapoha Falls,Belgaum,Null,,4.5,51,15.6221814,74.3362925
 Yellur Fort,Belgaum,24 hour,,4.5,"2,632",15.7570361,74.526478
Kaladham,Bellary,5:30 PM,8:30PM,4.6,867,15.1762922,76.6258753
Bellary Fort,Bellary,8:00 AM,5:25 PM,4.3,790,15.1490736,76.9102101
Sri Guru Kottureshwara Temple,Bellary,4:00 AM,10:30 PM,4.7,"1,024",14.8277892,76.2271287
Kumaraswamy Temple,Bellary,6:00 AM,7:00 PM,4.5,995,15.153775,76.9133808
Lakshmi Narasimha Temple,Bellary,5:30 AM,6:00 PM,4,27,15.1947512,76.8656744
Royal Enclosures,Bellary,24hrs,,4.6,"4,184",15.3156384,76.4700455
Shri Ujjaini Saddharma Peetha,Bellary,24hrs,,4.5,23,15.3172775,75.7138884
Bellary Zoo,Bellary,8:30 AM,5:00 PM,4,"1,121",15.1490736,76.9102101
Mylara Lineshwara Temple,Bellary,6:00 AM,6:00 PM,4.1,12,14.8067708,75.6920782
Narasimha Jhira Cave Temple,Bidar,7:00 AM,6:00 PM,4.5,"1,835",17.9030761,77.5438531
Bidar Fort,Bidar,9:00 AM,5:00 PM,4.4,"2,029",17.9228122,77.5260446
 Bahmani Tombs,Bidar,Open 24 hour,,4.4,711,17.9153493,77.5614766
Papnash Shiva Temple,Bidar,Null,,4.6,"1,245",17.9287023,77.4919795
Rangeen Mahal,Bidar,10:00 AM,6:00 PM,4.3,772,17.9208015,77.5297333
Solah Khamba Mosque,Bidar,24 hour,,4,17,17.9208256,77.5283078
Mahmud Gawan Madrasa,Bidar,9:00 AM,6:00 PM,4.3,5,17.9147309,77.5300773
Chaukhandi of Hazrat Khalil Ullah,Bidar,8:00 AM,4:00 PM,4.5,3,17.9179,77.5544111
 Gurudwara Nanak Jhira Sahib,Bidar,Null,,4.8,1711,17.9286854,77.5078805
Someshwara Temple,Kolar,Null,,4.7,"1,159",13.1374815,78.13823
 Kotilingeshwara Temple,Kolar,Null,,4.5,"18,793",12.9951555,78.2957015
Kolar Gold Fields,Kolar,Null,,4.3,"1,198",12.9585136,78.2710336
Anthargange,Kolar,Null,,4,59,13.142425,78.100561
Indira Gandhi Zoological Park,Visakhapatnam,9am(except monday),5:00 PM,4.1,"17,634",17.7688115,83.3441899
VMRDA INS Kursura Submarine Museum,Visakhapatnam,2pm(except monday),8.30pm,4.6,"34,533",17.7172461,83.3300952
Sri Varahalakshmi Narasimha Swamy Vari Devasthanam,Visakhapatnam,6:00 AM,6:00 PM,4.7,"35,038",17.7664054,83.2505781
VMRDA Kailasagiri,Visakhapatnam,10:00 AM,8:00 PM,4.4,"50,448",17.7489421,83.3421514
Rushikonda Beach,Visakhapatnam,No fixed time,No fixed time,4.5,"31,777",17.7825201,83.3851154
Yarada Beach,Visakhapatnam,No fixed time,No fixed time,4.5,"3,174",17.6549368,83.26923
Ramakrishna Beach,Visakhapatnam,No fixed time,No fixed time,4.5,"10,134",17.7141618,83.3236579
Dolphin's Nose Lighthouse,Visakhapatnam,9:00 AM,6:00 PM,4.4,"4,634",17.676469,83.2925877
VUDA Park,Visakhapatnam,8.30AM,8.30pm,4.2,"13,462",17.7240843,83.3395295
Bheemili Beach,Visakhapatnam,9:00 AM,8.30 pm,4.3,"1,597",17.8902533,83.455852
Visakha Museum,Visakhapatnam,11am(except friday),7:00 PM,4.3,"7,889",17.7208222,83.3338461
Kambalakonda Wildlife Sanctuary,Visakhapatnam,9:00 AM,4.30pm,4.2,1092,17.8267249,83.3041061
Tenneti Park,Visakhapatnam,6:00 AM,9:00 PM,4.5,"20,653",17.7484465,83.3495482
Dr.Y.S.Rajasekhara Reddy Central Park,Visakhapatnam,9:00 AM,8.30pm,4.4,19.896,17.7228928,83.3066745
Victory At Sea War Memorial,Visakhapatnam,No fixed time,No fixed time,4.6,"4,887",17.7186785,83.3322376
Kondakarla Bird Sanctuary,Visakhapatnam,9:00 AM,5:00 PM,4.3,976,17.6008301,82.9979324
TU 142 Aircraft Museum,Visakhapatnam,"Monday-Friday(2.30pm to 6pm),Saturday(10am to 6.30pm,Sunday(10am to 6.30pm)",,4.6,3738,17.717986,83.3298606
Sri Venkateswara Swamy Vaari Temple,Chittoor,"Sunday-Friday(6:00 AM to12:00 PM) ,(4:00 PM to 8:00 PM), Saturday:(4:00 AM to 2:00PM)",,4.8,"98,678",13.6832724,79.347417
Sri Venkateshwara National Park,Chittoor,Monday - Sunday: 9:00 AM to 5:00 PM,,4.1,"8,204",13.217176,79.1003289
Srikalahasti Temple,Chittoor,Monday - Sunday: 6:00 AM - 9:00 PM,,4.6,"51,121",13.7493714,79.6982572
 Nagalapuram,Chittoor,Open 24 Hour,,4.2,121,13.3862069,79.7955681
Horsley Hills,Chittoor,Null,,4.4,"1,233",13.6507496,78.3970205
Kailasakona Waterfalls,Chittoor,Null,,4,"3,829",13.3872454,79.6327012
 Kaigal Falls,Chittoor,Open 24 Hour,,4,637,13.0689149,78.5623485
 Kanipakam Vinayaka temple,Chittoor,"Entry: 4:00 AM - 9:30 PM,Darshan: 6:00 AM - 1:00 PM, 4:00 PM - 8:00 PM",,4.7,"18,563",13.2768801,79.0339656
Tirumala Venkateshwara Temple,Chittoor,Null,,4.8,"96,820",13.685842,79.345504
Mango Market Yard - Bangarupalyam and Penumur Mandals and Damalcheruvu,Chittoor,Null,,3.7,120,13.1962328,78.9132652
 Tada Falls,Chittoor,Open 24 Hour,,4.4,1732,13.6041542,79.8438102
Sri Venkateswara Temple,Tirupati,Null,,4.6,351,13.6832724,79.347417
Akasaganga Teertham,Tirupati,Null,,4.4,76,13.7019468,79.3391418
Silathoranam,Tirupati,Null,,4.7,240,13.6873945,79.3399579
Swami Pushkarini Lake,Tirupati,Null,,4.7,437,13.6843513,79.3479697
Vedadri Narasimha Swamy Temple,Tirupati,Null,,4.7,465,16.7992648,80.1484407
 Sri Padmavathi Ammavari Temple,Tirupati,Null,,4.7,"11,358",13.6079101,79.4498643
 TTD gardens,Tirupati,Null,,4,250,13.6069031,79.4532568
Sri Venkateswara Dhyana Vignan Mandiram,Tirupati,Null,,4.3,131,13.6287557,79.4191795
Sri Govindarajaswami Temple,Tirupati,Null,,4.7,"1,069",13.6299303,79.4163079
 Sri Varahaswami Temple,Tirupati,Null,,4.8,"1,645",13.6849119,79.3477234
Sri Venugopalaswami Temple,Tirupati,Null,,5,1,13.6205343,79.3909493
ISKCON Tirupati,Tirupati,Null,,4.6,"18,910",13.646875,79.4137603
Tumburu Teertham,Tirupati,Null,,4.5,98,13.6909338,79.389107
" Deer Park, Tirupati",Tirupati,Null,,4.5,"15,614",13.6587158,79.3891419
Kapila Teertham,Tirupati,Null,,4,141,13.6384603,79.418673
Talakona Waterfall,Tirupati,Null,,4.4,"6,997",13.8115525,79.2158779
"Rock Garden, Tirupati",Tirupati,Null,,4.4,45,13.6878369,79.3403009
 Japali Teertham,Tirupati,Null,,4.8,"2,724",13.6964432,79.3365669
 Papavinasam Theertham,Tirupati,Null,,4.5,53,13.6563902,79.4211539
Chandragiri Palace & Fort,Tirupati,Null,,4.2,"5,913",13.5881118,79.3155716
Sri Bedi Ananjaneyaswami Temple,Tirupati,Null,,4.8,"96,820",13.6834333,79.3493081
 Vaikuntha Teertham,Tirupati,Null,,4.5,10,13.0959041,78.5376906
Sri Kalyana Venkateswaraswami Temple,Tirupati,Null,,5,3,13.6335049,79.4181402
Yaganti Temple,Kurnool,"6:00 AM - 1:00 PM, 3:00 PM - 8:00 PM",,4.6,6783,15.3509014,78.1396961
 Belum Caves,Kurnool,10:00 AM - 5:00 PM,,4.4,"7,701",15.1025807,78.1115058
 Rollapadu Wildlife Sanctuary,Kurnool,7AM-6PM,,4.1,508,15.7366845,78.3636006
Konda Reddy Fort Or Kondareddy Buruju,Kurnool,6:30 AM to 6:30 PM,,4.5,"15,537",15.8338657,78.0486258
Venugoplaswami Temple,Kurnool,Null,,4.4,17,15.8433333,78.0166667
 Mantralayam Temple,Kurnool,Null,,4.7,5619,15.9413776,77.4257319
 Nagareswarasawami,Kurnool,Null,,4.7,6,15.3910644,77.8834514
Ahobilam Temple,Kurnool,Null,,4.6,356,15.1338144,78.6725998
Oravakallu Rock Garden,Kurnool,Morning to sunset,,4.1,"2,931",15.6928965,78.1521842
 Tomb of Abdul Wahab,Kurnool,Null,,4.4,42,15.8272515,78.0465065
"Amareswara Temple, Amaravathi",Amaravathi,Monday - Sunday: 6:00 AM to 1:00 PM and 4:00 PM to 8:00 PM,,4.7,"3,012",16.5811219,80.3589782
"Amravati Museum, Amaravathi",Amaravathi,Monday - Sunday: 10:00 AM to 5:00 PM,,4.1,"2,111",16.5744919,80.3580661
 Amaravathi Mahachaitya,Amaravathi,"8:00 AM - 6:00 PM, Closed on Friday",,4.4,"1,353",16.5757085,80.3564933
 Bhavani Island,Vijayawada,Null,,4.2,964,16.523107,80.5730084
Kanaka Durga Temple,Vijayawada,5:00 AM - 1:00 PM5:00 PM - 9:00 PMClosed on Thursdays 1:00 PM to 5:00 PM,,4.7,"32,141",16.5154055,80.605864
 Undavalli Caves,Vijayawada,9:00 AM - 6:00 PM,,4.2,"6,704",16.4971412,80.5821896
Kondapalli Fort,Vijayawada,10:00 AM - 5:00 PM,,4.2,"4,525",16.6254258,80.5306487
Mogalarajapuram Caves,Vijayawada,Null,,4.1,19,16.5059802,80.6470839
 Subramanya Swamy Temple,Vijayawada,"6:30 AM - 1:30 PM, 3:30 PM - 8:00 PM",,4.2,351,16.5204913,80.6087423
Victoria Museum,Vijayawada,Null,,4.1,746,16.5076521,80.6277072
 Marina Beach,Chennai,24hrs,24hrs,4.3,39944,13.0499526,80.2824026
" Government Museum, Chennai",Chennai,Null,,4.3,10060,13.0716298,80.2567955
 Breezy Beach,Chennai,Null,,0,0,13.1298002,80.1290384
 Marundeeswarar Temple,Chennai,9:00 AM,8:00 PM,4.8,7360,12.9848721,80.2605869
Arignar Anna Zoological Park,Chennai,9:00 AM,5:00 PM,4.2,45564,12.8793266,80.0819116
 Valluvar Kottam,Chennai,8:30 AM,5:30 PM,4.2,432,13.0544854,80.2417592
Ashtalakshmi Temple,Chennai,6:00 AM,9:00 PM,4.5,6471,12.992607,80.2703938
Kolli Hills,Chennai,Null,,4,17,11.2485139,78.3387066
Elliot's Beach,Chennai,Null,,4.4,4010,12.9961871,80.2704579
VGP Golden Beach,Chennai,Null,,3.9,9431,12.9148423,80.2548628
ISKCON (Hare Rama Hare Krishna) Temple,Chennai,4:30 AM,9:15 PM,4.6,12223,12.9061719,80.2418253
Vivekananda House,Chennai,Null,,4.5,6130,13.0498494,80.2804094
Akkarai Beach,Chennai,Null,,4.3,4738,12.8980359,80.2540883
Dakshinachitra Museum,Chennai,10:00 AM,6:00 PM,4.4,11070,12.823037,80.2420451
Santhome Cathedral Basilica,Chennai,Null,,4.7,10034,13.033569,80.277822
Madras War Cemetery,Chennai,8:00 AM,6:00 PM,4.4,228,13.0140107,80.1939804
Madras Crocodile Bank Trust,Chennai,9:00 AM,5:00 PM,4.4,13204,12.74287,80.240147
MGM Dizzee World,Chennai,10:30 AM,6:30 PM,4,14487,12.8257501,80.2442984
Shirdi Sai Baba Temple,Chennai,5:45 AM,9:00 PM,4.6,1557,13.0426712,80.2667322
Thousand Lights Mosque,Chennai,5:30 AM,9:00 PM,4.4,1311,13.0550804,80.2551001
Fort St. George,Chennai,10:00 AM,5:00 PM,4.2,3984,13.0796439,80.2874492
 Royapuram Fishing Harbour,Chennai,24hrs,24hrs,0,0,13.1280161,80.296935
Santhome Church,Chennai,6:00 AM,9:00 PM,4.7,10034,13.033569,80.277822
 Kapaleeswarar Temple,Chennai,5:00 AM,10:00 PM,4.6,479,13.0826802,80.2707184
Express Avenue,Chennai,10:30 AM,9:30 PM,4.4,82508,13.0584546,80.2641844
Vadapalani Murugan Temple,Chennai,5:00 AM,9:00 PM,4.7,10731,13.0528421,80.2135209
Parthasarathy Temple,Chennai,5:30 AM,9:00 PM,4.7,15707,13.0538886,80.2770111
 Anjaneyar Temple Nanganallur,Chennai,5:00 AM,9:00 PM,4.8,15101,12.9863537,80.1941426
 Sivananda Yoga Vedanta Centers & Ashram,Chennai,Null,,4.6,36,12.9699734,80.2618149
 Thiruvanmiyur Beach,Chennai,24hrs,24hrs,4.5,22848,12.9736122,80.2664556
 Neelankarai Beach,Chennai,24hrs,24hrs,4.4,2417,12.9492127,80.2546826
 Santhome Beach,Chennai,24hrs,24hrs,4.5,15,12.9148423,80.2548628
Pebble Beach,Chennai,24hrs,24hrs,5,2,12.9062172,80.2531635
 Palavakkam Beach,Chennai,24hrs,24hrs,4.1,12,12.9657721,80.2594331
 Kasimedu Beach,Chennai,24hrs,24hrs,4.4,28,13.1232714,80.2974918
Vydehi Falls,Coimbatore,Null,,4,182,10.9978135,76.7558447
Adiyogi Shiva Statue,Coimbatore,6:00 AM,8:00 PM,4.6,29017,10.9725326,76.740475
Kovai Kondattam,Coimbatore,10:30 AM,5:30 PM,3.7,2666,10.9713064,76.8878323
Marudhamalai Hill Temple,Coimbatore,Null,,3.7,2666,11.0466053,76.851514
Sree Ayyappan Temple,Coimbatore,5:00 AM,9:00 PM,4.7,3016,11.0208817,76.9728655
Velliangiri Hill Temple,Coimbatore,Null,,4.7,983,10.9833148,76.6927933
Monkey Falls,Coimbatore,9:00 AM,6:00 PM,4.2,4547,10.4578461,76.9691595
Voc park and zoo,Coimbatore,4:00 PM,7:30 PM,3.7,9860,11.006824,76.9702343
Nilgiri Biosphere Nature Park,Coimbatore,Null,,3.6,9,11.0263792,77.0033609
Kodiveri Dam,Coimbatore,Null,,4.3,311,11.4730537,77.2965753
Perur Pateeswarar Temple,Coimbatore,5:00 AM,9:00 PM,4.7,9625,10.9758862,76.914608
Siruvani Waterfalls,Coimbatore,Null,,4.3,2005,10.9378012,76.6870034
Siruvani Dam,Coimbatore,Null,,4.3,328,10.9767653,76.6420452
Anubhavi Subramaniar Temple,Coimbatore,Null,,4.7,300,11.057017,76.8488345
Eachanari Vinayagar Temple,Coimbatore,5:30 AM,9:00 PM,4.7,3954,10.9239464,76.9824066
Brookefields Mall,Coimbatore,11:00 AM,10:00 PM,4.4,57527,11.0088682,76.9595363
Gedee Car Museum,Coimbatore,9:00 AM,5:00 PM,4.5,5246,11.0067294,76.9778354
 Masani Amman Temple,Coimbatore,6:00 AM,8:00 PM,4.1,7,11.0049171,77.0218578
 Puliakulam Vinayagar Temple,Coimbatore,5:30 AM,9:00 PM,4.6,934,11.0042592,76.9930374
Black Thunder,Coimbatore,10:00 AM,5:30 PM,4,"3,591",11.3262664,76.912722
Naga Sai Mandir,Coimbatore,5:00 AM,9:00 PM,4.7,2493,11.0275359,76.9502366
Ramar Temple,Coimbatore,6:00 AM,8:00 PM,4.6,1719,11.0138547,76.9649198
TNAU Botanical Garden,Coimbatore,Null,,4.1,2467,11.0147932,76.9315362
Aliyar Dam Reservoir Park,Coimbatore,Null,,4,8069,10.4816347,76.9623257
Nehru Park,Coimbatore,Null,,4,285,10.9973383,76.9856377
Gass Forest Museum,Coimbatore,Null,,4.5,609,11.0165442,76.9459934
Madurai Meenakshi Amman Temple,Madurai,9:00 AM,7:00 PM,4.7,"32,981",9.9195045,78.1193418
Thirumalai Nayakar Mahal,Madurai,9:00 AM,5:00 PM,4.2,"7,962",9.9147328,78.1235436
Vaigai Dam,Madurai,6:00 AM,6:00 PM,4.3,2150,9.9151166,78.0918842
Alagar Koil,Madurai,Null,,4.7,"20,686",9.9535849,78.1500949
Meghamalai,Madurai,24hrs,24hrs,NULL,NULL,9.9346316,78.1493684
Samanar Hills,Madurai,Null,,4.5,535,9.922546,78.0473833
Gandhi Museum,Madurai,10:00 AM,5:45 PM,4.3,"3,751",9.9299309,78.13862
Koodal Azhagar Temple,Madurai,5:30 AM,9:00 PM,4.7,"6,891",9.914401,78.1141066
Athisayam,Madurai,10:30 AM,6:00 PM,3.6,2398,9.9684705,78.0402459
Mariamman Teppakulam,Madurai,Null,,4.6,426,9.9102187,78.1482481
Pazhamudhir Solai,Madurai,Null,,4.5,280,9.9170755,78.1115122
Tirupparankundram Murugan temple,Madurai,Null,,4.7,"12,572",9.8794246,78.0710125
St Mary Cathedral,Madurai,Null,,4.5,850,9.9134168,78.1256887
Vandiyur Mariamman Teppakulam,Madurai,Null,,4.6,422,9.9102187,78.1482481
ISKCON Madurai,Madurai,Null,,4.5,366,9.9275272,78.1145917
Kazimar Big Mosque,Madurai,Null,,4.6,255,9.9127409,78.114221
Goripalayam Dargah,Madurai,Null,,4.5,13,9.9304191,78.1280668
Kallanai Dam,Tiruchirappalli,10:00 AM,6:00 PM,4.5,87,10.8321013,78.8176763
Rockfort Ganpathi Temple,Tiruchirappalli,Null,,4.7,7995,10.8284455,78.6971196
Samayapuram Amman Temple,Tiruchirappalli,Null,,4.6,"12,274",10.9184655,78.7388892
Vekkali Amman Temple,Tiruchirappalli,5:00 AM,9:00 PM,4.7,4515,10.8299603,78.670266
Sri Ranga Nathaswamy Temple,Tiruchirappalli,Null,,4.1,19,10.8624192,78.6899731
Puliyancholai Waterfalls,Tiruchirappalli,24hrs,24hrs,4.3,572,11.2673647,78.4350265
Agaya Gangai Waterfalls,Tiruchirappalli,24hrs,24hrs,4.6,624,11.2677795,78.3939636
St. Joseph's Church,Tiruchirappalli,Null,,4,4,10.8270492,78.692711
Makkombu,Tiruchirappalli,Null,,4.1,12,10.885051,78.5790597
"St. Johns Church, Tiruchi",Tiruchirappalli,Null,,4.6,163,10.7932886,78.6781567
Viralimalai Murgum Temple,Tiruchirappalli,Null,,4.5,2356,10.7595308,78.7064762
Brahmapureeswarar Temple,Tiruchirappalli,Null,,4.2,34,11.0360526,78.7709978
Thiruvanaikoil Temple,Tiruchirappalli,5:30 AM,9:00 PM,4.8,8589,10.8530242,78.7057043
Varahi Amman Temple,Tiruchirappalli,Null,,4.5,97,10.8354622,78.6622472
 Rameshwaram Temple,Rameshwaram,4:30 AM,8:30 PM,4.5,1695,9.2881059,79.3181559
Dhanushkodi Temple and Beach,Rameshwaram,Null,,3.5,61,9.2151345,79.358524
Jatayu Tirtham,Rameshwaram,Null,,4,30,9.2863992,79.3058927
 Agnitheertham,Rameshwaram,5:00 AM,6:00 PM,4,313,9.2886164,79.3213819
Lakshmana Tirtham,Rameshwaram,Null,,4.1,220,9.2863992,79.3058927
Villoondi Tirtham,Rameshwaram,Null,,4.5,1096,9.2928824,79.2624112
The Five-faced Hanuman Temple,Rameshwaram,Null,,4.5,895,9.2864144,79.3067542
Gandhamadhana Parvatham,Rameshwaram,Null,,4.4,2529,9.3028709,79.3051307
Ariyaman Beach,Rameshwaram,Null,,4.4,118,9.2967581,79.0679918
Annai Indira Gandhi Road Bridge,Rameshwaram,Null,,0,0,9.2824845,79.1983597
Sea World Aquarium,Rameshwaram,Null,,4,24,9.2901216,79.3212076
Kothandaramaswamy Temple,Rameshwaram,Null,,4.5,2313,9.2330616,79.3480129
Jada Tirtham,Rameshwaram,Null,,4,31,9.2563131,79.3157902
Abdul Kalam House,Rameshwaram,Null,,4.5,9839,9.2847494,79.3123546
Burial Place Of Abdul Kalam,Rameshwaram,Null,,4,218,9.2881317,79.2709097
Kalam National Memorial,Rameshwaram,Null,,4.8,"15,003",9.2881317,79.2709097
Kunthu Kal Beach,Rameshwaram,Null,,4.5,18,9.2579174,79.2212614
Nambu Nayagiamman Temple,Rameshwaram,Null,,4.6,122,9.2639948,79.3016345
Thiruppullani,Rameshwaram,Null,,4.6,1346,9.2837071,78.8262772
Water Bird Sanctuary,Rameshwaram,Null,,4.5,5,9.2955131,79.3267263
"Emerald Lake, Yercaud",Yercaud,Null,,4,"13,096",11.7841942,78.2082454
Pagoda Point,Yercaud,7:00 AM,7:00 PM,4.2,61,11.7788152,78.2189561
"Botanical Garden, Yercaud",Yercaud,Null,,3.8,608,11.781817,78.2052886
Anna Park,Yercaud,Null,,3.8,3871,11.7847342,78.2118321
Lady's Seat,Yercaud,6:00 AM,6:30 PM,3.9,3921,11.7703038,78.1980662
Killiyur Falls,Yercaud,Null,,3.9,5484,11.7949696,78.2003555
Bear's Cave,Yercaud,Null,,4,1,11.815033,78.217997
 Shevaroy Hills,Yercaud,Null,,4,230,11.7747924,78.2097052
Tipperary Viewpoint,Yercaud,7:00 AM,7:00 PM,5,1,11.775251,78.2092576
Annamalaiyar Temple View Point,Yercaud,9:00 AM,6:00 PM,4,7,11.8176472,78.2406861
Karadiyur View Point,Yercaud,Sunrise to Sunset,,4.3,1566,11.8385915,78.1896828
Shevaroy Temple,Yercaud,Null,,4.4,2118,11.815033,78.217997
Silk Farm,Yercaud,Null,,0,0,11.7732594,78.200313
Sri Chakra Mahameru Temple,Yercaud,6:00 AM,7:00 PM,4.4,269,11.8427498,78.2155403
Raja Rajeshwari Temple,Yercaud,7:00 AM,9:00 PM,4.4,292,11.8075145,78.2131746
Deer Park,Yercaud,Null,,3.7,1204,11.7832152,78.2089832
Orchidarium,Yercaud,Null,,0,0,11.781817,78.2052886
Kottachedu Teak Forest,Yercaud,Null,,4.1,31,11.8196107,78.2698363
Nortons Bungalow,Yercaud,Null,,4.2,62,11.769738,78.20998
Servaroyan Temple,Yercaud,Null,,4.4,266,11.8153123,78.2186725
 Green Valley View (Suicide Point),Kodaikanal,7:00 AM,6:00 PM,4.2,150,10.2098553,77.476588
Kodai Lake,Kodaikanal,6:00 AM,5:00 PM,4,12,10.2343586,77.4863295
Bear Shola Falls,Kodaikanal,10:00 AM,6:00 PM,4.3,5,10.2396614,77.4785336
"Dolphin's Nose, Kodaikanal",Kodaikanal,6:00 AM,6:00 PM,4.1,3541,10.208418,77.4872375
Pillar Rocks,Kodaikanal,9:00 AM,4:00 PM,3.8,34,10.2098894,77.4651615
Thalaiyar Falls,Kodaikanal,10:00 AM,6:00 PM,4,13,10.2240186,77.5984848
Mannavanur,Kodaikanal,Null,,4.2,31,10.2250527,77.3446461
Devil's Kitchen,Kodaikanal,9:00 AM,5:30 PM,4.1,3093,10.2103583,77.4617769
Vattakanal,Kodaikanal,24hrs,24hrs,4.3,5,10.2126761,77.4852541
Coakers Walk,Kodaikanal,7:00 AM,7:00 PM,4.4,548,10.2300408,77.4936359
Berijam Lake,Kodaikanal,9:00 AM,3:00 PM,4,780,10.1841444,77.3959592
Kodai-Palani Trek,Kodaikanal,Null,,3.5,35,10.4500374,77.5161356
Trekking in Kodaikanal,Kodaikanal,Null,,4,18,10.2400661,77.5031104
Bryant Park,Kodaikanal,9:00 AM,6:00 PM,4.2,"15,433",10.2310165,77.4918904
Silver Cascade Falls,Kodaikanal,6:00 AM,5:00 PM,4.3,8790,10.2418012,77.5108962
Silent Valley View,Kodaikanal,Null,,4.5,1270,10.1881916,77.4251537
Kurinji Temple,Kodaikanal,Null,,4.6,2831,10.2530289,77.501883
Kodaikanal Solar Observatory,Kodaikanal,10:00 AM,12:00 PM,4.2,5945,10.2288174,77.4628079
Shembaganur Museum Of Natural History,Kodaikanal,10:00 AM,5:00 PM,4,128,10.2381136,77.4891822
Subrahmanya Temple (Kartikeya Temple),Kodaikanal,Null,,4,34,10.2530037,77.5016769
" Pine Forest, Kodaikanal",Kodaikanal,10:00 AM,6:00 PM,4.4,4544,10.2366156,77.5053212
La Salette Church,Kodaikanal,10:30 AM,4:00 PM,4.3,43,10.224111,77.4871868
Kukkal Caves,Kodaikanal,10:00 AM,5:00 PM,4,21,10.2952596,77.3654611
 Moir Point,Kodaikanal,10:00 AM,5:00 PM,4.2,8012,10.210484,77.4481595
Christ The King Church,Kodaikanal,6:30 AM,8:30 PM,4.6,110,10.2326998,77.4934595
Fairy Falls,Kodaikanal,9:00 AM,6:00 PM,3.9,1834,10.2227372,77.4730561
Pambar Falls,Kodaikanal,8:30 AM,8:00 PM,3.9,2142,10.2381136,77.4891822
80 Mile Round,Kodaikanal,Null,,4,16,10.2381136,77.4891822
 Upper Lake View,Kodaikanal,10:00 AM,5:00 PM,4,131,10.2303509,77.4754961
 Dolmen Circle,Kodaikanal,6:00 AM,5:00 PM,4.5,26,10.2381136,77.4891822
Lutheran Church,Kodaikanal,7:00 AM,8:00 PM,4.5,22,10.2369927,77.4904487
 Perumal Peak,Kodaikanal,Null,,4.4,42,10.300278,77.565833
Vattakanal Falls,Kodaikanal,24hrs,24hrs,4.2,4261,10.2211102,77.481801
Chettiar Park,Kodaikanal,9:00 AM,5:00 PM,4,2264,10.2485555,77.5000906
Poombarai,Kodaikanal,Null,,4.1,13,10.2563772,77.4077974
 Ooty Lake,Ooty,10:00 AM,6:30 PM,3.5,213,11.4064942,76.6884897
"Emerald Lake, Ooty",Ooty,Null,,4.4,528,11.3322754,76.6196097
Ooty Botanical Gardens,Ooty,7:00 AM,6:30 PM,4.3,"66,791",11.4188751,76.7113878
"Dolphin's Nose, Ooty",Ooty,Null,,4.2,"11,836",11.3691608,76.8589831
Ooty Rose Garden,Ooty,7:30 AM,6:30 PM,4.2,"1,39,111",11.4046661,76.7088185
 Avalanche Lake,Ooty,8:00 AM,6:00 PM,4,31,11.3167556,76.5986667
Doddabetta Peak,Ooty,7:00 AM,6:00 PM,NULL,NULL,11.4007267,76.7358165
St Stephen's Church Ooty,Ooty,10:00 AM,5:00 PM,4.5,1169,11.414673,76.7022813
" Thread Garden, Ooty",Ooty,9:00 AM,5:00 PM,3.7,873,11.4069218,76.6882567
Trekking in Ooty,Ooty,Null,,0,0,11.39391,76.714804
"Kalhatti Falls, Bellikkal",Ooty,24hrs,24hrs,3.8,28,11.4772042,76.679799
Tiger Hill Ooty,Ooty,Null,,4.1,324,11.3974446,76.7274427
"Kotagiri, Coonoor",Ooty,Null,,5,13,11.4170495,76.7223529
Kamraj Sagar Lake,Ooty,Null,,4.2,591,11.4439212,76.6521183
 Annamalai Temple,Ooty,5:00 AM,9:00 PM,4.1,12,11.3993778,76.7093033
"Droog Fort, Coonoor",Ooty,6:00 AM,6:00 PM,3.4,5,11.3516881,76.8304343
"Lamb's Rock, Coonoor",Ooty,Null,,4.3,1990,11.3518254,76.8385326
"Simi's Park, Coonoor",Ooty,9:00 AM,6:00 PM,4.2,"22,104",11.3556522,76.8005913
"Catherine Falls, Coonoor",Ooty,Sunrise to Sunset,,4.1,2455,11.3836006,76.857953
Upper Bhavani Lake,Ooty,10:30 AM,3:00 PM,4.5,512,11.403956,76.69932
"Bison Valley, Bellikkal",Ooty,Null,,3.2,60,10.0061966,77.1132792
Pykara Lake,Ooty,8:30 AM,5:00 PM,4,1531,11.4370536,76.5899997
 Wenlock Downs,Ooty,9:00 AM,6:30 PM,4.4,11366,11.4431595,76.6232443
Thunder World,Ooty,10:00 AM,5:30 PM,4,209,11.4041858,76.6939932
Ketti Valley View,Ooty,9:00 AM,6:30 PM,4.3,1601,11.3973108,76.717595
Cairn Hill,Ooty,24hrs,24hrs,4.5,142,11.3877737,76.6802526
Adam's Fountain,Ooty,24hrs,24hrs,4.1,1527,11.4120172,76.7083183
Elk Hill Murugan Temple,Ooty,9:00 AM,6:00 PM,4.6,349,11.3993778,76.7093033
Wax Museum Ooty,Ooty,9:30 AM,8:00 PM,3.2,180,11.416818,76.716061
Kandal Cross Shrine,Ooty,Null,,4.7,177,11.4073619,76.6757006
 Stone House Ooty,Ooty,24hrs,24hrs,4.6,412,11.4117634,76.7111886
Government Museum,Ooty,Null,,4.1,604,11.4122936,76.715355
Pykara Falls,Ooty,8:30 AM,5:00 PM,4,676,11.4744856,76.6028773
Children's Park,Ooty,Null,,4.1,325,11.4036915,76.6936268
Lake Park Ooty,Ooty,Null,,3.5,40,11.4064942,76.6884897
 Katari Falls,Ooty,24hrs,24hrs,4.1,175,11.3377301,76.7373919
Halashana Falls,Ooty,Null,,4.2,234,11.4102038,76.6950324
Tea Factory,Ooty,10:00 AM,6:00 PM,4,12,11.4118724,76.7208363
Honey & Bee Museum,Ooty,Null,,4,38,11.413248,76.6947255
Ooty Flower Show,Ooty,Null,,4,67,11.4188751,76.7113878
Mukurthi National Park,Ooty,Null,,4.3,62,11.1552269,76.4821105
Shore Temple,Mahabalipuram,6:00 AM,6:00 PM,4.6,2886,12.6164515,80.1993321
Mahabalipuram Beach,Mahabalipuram,Null,,5,3,12.6121234,80.1969215
Five Rathas,Mahabalipuram,Null,,4.2,13,12.608893,80.189613
 Arjuna's Penance,Mahabalipuram,6:00 AM,6:00 PM,4.6,196,12.6178359,80.1926546
 Alamparai Fort,Mahabalipuram,8:00 AM,6:00 PM,4,911,12.2661452,80.0102027
 Sadras,Mahabalipuram,Null,,4,13,13.0430452,80.2486854
 Tiger Caves,Mahabalipuram,7:00 AM,7:00 PM,4.2,4694,12.65709,80.2092989
Crocodile Bank,Mahabalipuram,Null,,4.4,"13,094",12.74287,80.240147
 Covelong Beach,Mahabalipuram,6:00 AM,6:00 PM,4.5,121,12.7876925,80.2541357
 India Seashell Museum,Mahabalipuram,Null,,4.3,1588,12.6093959,80.1875567
 Descent Of The Ganges,Mahabalipuram,Null,,4.6,196,12.6178359,80.1926546
 Krishna's Butter Ball,Mahabalipuram,Null,,4.4,"17,258",12.6191034,80.192369
 Krishna Cave Temple,Mahabalipuram,Null,,4.6,126,12.6175911,80.1927695
Varaha Cave Temple,Mahabalipuram,Null,,4.7,132,12.6180794,80.1923056
 Mahishasuramardini Cave,Mahabalipuram,Null,,4.5,249,12.6148341,80.1915938
 Ganesh Ratha Temple,Mahabalipuram,Null,,4.6,185,12.6184317,80.1924266
 Sri Sthala Sayana Perumal Temple,Mahabalipuram,Null,,4.6,1815,12.6174743,80.1929973
Trimurti Cave,Mahabalipuram,Null,,4.5,77,12.6207821,80.1944915
Sculpture Museum,Mahabalipuram,Null,,4,22,12.615797,80.1936618
Olakkannesvara Temple,Mahabalipuram,Null,,4.6,28,12.6151334,80.1915063
Mamallapuram Lighthouse,Mahabalipuram,Null,,4,347,12.6154282,80.1918198
 Wide Beach,Mahabalipuram,24 hr,,4.1,21,12.6207821,80.1944915
Mamallapuram Dance Festival,Mahabalipuram,Null,,0,0,12.6193861,80.196747
 Kamakshi Amman Temple,Kanchipuram,5:30 AM,8:15 PM,4.3,1312,12.8406773,79.7031682
Varadharaja Perumal Temple,Kanchipuram,6:00 AM,8:00 PM,4.5,"34,091",12.8190923,79.72373
Devarajaswami Temple,Kanchipuram,Null,,4.5,12,12.7429926,79.6157238
Kailasanathar Temple,Kanchipuram,6:00 AM,7:00 PM,4.7,"4,572",12.8422576,79.6897132
Kanchi Kamakoti Peetam,Kanchipuram,12:00 AM,12:00 PM,4.8,3712,12.8433681,79.7008782
 Kanchi Kudhil,Kanchipuram,Null,,4.3,438,12.8401076,79.6960087
Ekambaranatha Temple,Kanchipuram,Null,,4.7,"11,410",12.8459307,79.7002393
Vaikunda Perumal Temple,Kanchipuram,Null,,4.7,113,12.8371145,79.7101732
Thennangur Panduranga Temple,Kanchipuram,6:00 AM,8:00 PM,4.7,2213,12.5552518,79.6147485
 Kachapeshwarar Temple,Kanchipuram,Null,,4.6,2782,12.83812,79.7008659
Ulagalantha Perumal Temple,Kanchipuram,6:00 AM,6:30 PM,4.7,"3,048",12.8389882,79.7049898
" Jain Temple, Kanchipuram",Kanchipuram,Null,,4.5,11,12.8291463,79.7042871
 Prasanna Venkatesa Perumal Temple,Kanchipuram,6:00 AM,8:00 PM,4.7,72,12.8119138,79.7530803
Vijayaraghava Perumal Temple,Kanchipuram,7:00 AM,7:00 PM,4.6,431,12.8724122,79.6188171
 Chitragupta Temple,Kanchipuram,5:00 AM,11:00 PM,4.5,3082,12.8372097,79.7047119
 Eri Katha Ramar Temple,Kanchipuram,7:30 AM,8:30 PM,4.6,384,12.50991,79.8834321
Brahadeshwara Temple,Thanjavur,Null,,4.8,20134,10.7827828,79.1318463
 Gangaikonda Cholapuram,Thanjavur,6:00 AM,8:00 PM,4,12,11.2075881,79.4513858
Shiva Ganga Garden,Thanjavur,Null,,3.9,11,10.7865,79.1319
Vijayanagar Fort,Thanjavur,Null,,4,5,12.9756516,80.2184283
 Thanjai Mamani Koil,Thanjavur,7:00 AM,9:00 PM,4.7,377,10.7869994,79.1378274
Alangudi Guru Temple,Thanjavur,6:00 AM,9:00 PM,4.6,3096,10.8300614,79.4105275
 Chandra Bagwan Temple,Thanjavur,Null,,3.7,15,10.7827828,79.1318463
 Bangaru Kamakshi Amman Temple,Thanjavur,6:00 AM,9:00 PM,4.6,619,10.7928798,79.1293193
Schwartz Church,Thanjavur,9:00 AM,5:00 PM,4.2,40,10.7856883,79.1313266
 Swami Malai Temple,Thanjavur,5:00 AM,10:00 PM,4.7,8843,10.9569023,79.3259582
Saraswathi Mahal Library,Thanjavur,10:00 AM,5:30 PM,4.3,194,10.7917445,79.1366239
Vellore Fort,Vellore,Null,,4.3,"17,207",12.9210886,79.129471
St. John's Church,Vellore,7:00 AM,6:30 PM,4,45,12.9201507,79.1280094
Archaeological Survey of India Museum,Vellore,Null,,4.1,131,12.9197063,79.128004
Sripuram Golden Temple,Vellore,8:00 AM,8:00 PM,4.4,17331,12.873523,79.088217
Periyar Park,Vellore,6:00 AM,9:00 PM,4.1,891,12.9167886,79.1284248
 Virinjipuram Temple,Vellore,6:00 AM,8:00 PM,4.7,914,12.9224042,79.0229559
 Palamathi Hills,Vellore,Null,,4.6,20,12.8977824,79.2056361
 Tipu and Hyder Mahal,Vellore,Null,,4.1,314,12.920204,79.1268053
 Jalakandeswarar Temple,Vellore,6:30 AM,8:30 PM,4.6,3814,12.9221012,79.1288945
 Kaigal Falls,Vellore,24hrs,24hrs,4,638,13.0689149,78.5623485
 Yelagiri,Vellore,Null,,4.1,12,12.5856048,78.6344666
Punganur Lake,Vellore,Null,,3.5,9,12.8183836,79.2056361
 Gingee Fort,Vellore,9:00 AM,4:30 PM,4.4,3755,12.2529068,79.4160149
 Arcot,Vellore,Null,,,,12.9047594,79.3238149
Amirthi Zoological Park,Vellore,8:00 AM,5:00 PM,3.8,3216,12.7322332,79.0565819
Thiruparkadal,Vellore,Null,,4.7,551,12.885279,79.4456685
 Thirparappu Falls,Kanyakumari,7:00 AM,6:00 PM,4.5,667,8.3923233,77.2620672
 Kanyakumari Beach,Kanyakumari,Null,,4,1157,8.0866137,77.5544412
 Vivekananda Rock Memorial,Kanyakumari,7:00 AM,5:00 PM,4.6,37531,8.078137,77.555301
 Thanumalayan Temple - Sthanumalayan Kovil,Kanyakumari,Null,,4.6,7059,8.1548811,77.4653776
 Thiruvalluvar Statue,Kanyakumari,9:00 AM,4:00 PM,4.6,2539,8.0778074,77.5540357
 Kumari Amman Temple,Kanyakumari,Null,,4.5,4486,8.0793037,77.5509774
 Padmanabhapuram Palace,Kanyakumari,9:00 AM,5:00 PM,4.4,"10,932",8.2507431,77.3266987
Lord Subramanya Temple,Kanyakumari,Null,,4.1,18,8.0883064,77.5384507
Wax Museum,Kanyakumari,Null,,4.2,433,8.0875918,77.5490105
 Vattakottai Fort,Kanyakumari,8:00 AM,5:00 PM,4.2,5412,8.1258554,77.5648284
Courtallam Falls,Kanyakumari,24hrs,24hrs,4,68,8.9341102,77.277938
Sanguthurai Beach,Kanyakumari,Null,,4.5,5,8.09988,77.4260661
 Chitharal Jain Monuments,Kanyakumari,Null,,4.6,1740,8.3323585,77.2384187
 Gandhi Mandapam,Kanyakumari,7:00 AM,7:00 PM,4.3,897,8.0787385,77.5499452
Mathur Aqueduct,Kanyakumari,7:00 AM,7:00 PM,4.5,5057,8.3359872,77.2947082
Our Lady of Ransom Church,Kanyakumari,Null,,4.6,1337,8.0855841,77.5523253
Sothavilai Beach,Kanyakumari,24hrs,24hrs,4,12,8.0932684,77.4553176
"Sunset Point, Kanyakumari",Kanyakumari,6:00 AM,6:00 PM,4.5,8595,8.0785642,77.531674
Tsunami Monument,Kanyakumari,Null,,4.7,6,8.0786531,77.550904
 View Tower,Kanyakumari,5:00 AM,7:00 PM,4.3,3459,8.0781286,77.5461884
 St Xavier Church,Kanyakumari,8:00 AM,6:00 PM,4.6,1045,8.1748264,77.4385005
Adikesava Perumal Temple,Kanyakumari,Null,,4.7,1334,8.3296958,77.2661302
 Mandaikadu Bhagavathi Temple,Kanyakumari,Null,,4.7,943,8.1634102,77.2800368
"Paradise Beach, Pondicherry",Pondicherry,9:00 AM,5:00 PM,4.3,"19,819",11.8734501,79.8212602
Aurobindo Ashram,Pondicherry,8:00 AM,4:00 PM,4,17,11.9365872,79.834006
Auroville,Pondicherry,Null,,4,280,12.0052483,79.8068922
Scuba Diving in Pondicherry,Pondicherry,Null,,4.5,205,11.9234606,79.8279985
Arikamedu,Pondicherry,10:00 AM,4:00 PM,3.3,1258,11.9012163,79.8201226
Cafes in Pondicherry,Pondicherry,Null,,0,0,11.9305389,79.8333047
 Seaside Promenade,Pondicherry,Null,,4.2,412,11.9312773,79.8358019
Promenade Beach,Pondicherry,Null,,4.2,311,11.9312773,79.8358019
Serenity Beach,Pondicherry,24hrs,24hrs,3.8,125,11.9713,79.8404947
Cycling in Pondicherry,Pondicherry,Null,,0,0,11.9298923,79.8298278
Auroville Beach,Pondicherry,6:00 AM,6:30 PM,4.1,4821,12.0052483,79.8068922
Chunnambar Boat House,Pondicherry,9:00 AM,5:00 PM,4.1,1242,11.8838058,79.8006722
Basilica of the Sacred Heart of Jesus,Pondicherry,7:00 AM,6:30 PM,4.5,6621,11.9260633,79.8269717
Water Sports in Pondicherry,Pondicherry,Null,,0,0,11.9415915,79.8083133
"Botanical Garden, Pondicherry",Pondicherry,Null,,3.9,9226,11.9302138,79.8224206
Pondicherry Lighthouse,Pondicherry,Null,,4.4,590,11.9166255,79.8307996
Jawahar Toy Museum,Pondicherry,Null,,3.4,60,11.9415915,79.8083133
Raj Niwas,Pondicherry,Null,,4.4,100,11.9342958,79.8343433
French War Memorial,Pondicherry,Null,,3.5,417,11.9319192,79.8353451
Sri Manakula Vinayagar Temple,Pondicherry,Null,,4.7,"12,418",11.9357797,79.833641
Pondicherry Museum,Pondicherry,Null,,4,4813,11.9343064,79.8350061
Veerampattinam Beach,Pondicherry,24hrs,24hrs,4.2,776,11.892355,79.8270246
Gokilambal Thirukameswar Temple,Pondicherry,Null,,4.6,1059,11.9144762,79.7558089
Chidambaram,Pondicherry,Null,,4,15,11.931767,79.8178853
Bharathi Park,Pondicherry,8:00 AM,8:00 PM,4.2,5998,11.9330191,79.8341938
Immaculate Conception Cathedral,Pondicherry,Null,,4.4,2401,11.9330709,79.8300583
Varadaraja Perumal Temple,Pondicherry,Null,,4,12,11.9408883,79.8300719
Church of Our Lady of Angels,Pondicherry,Null,,4.4,34,11.9296135,79.8343238
The Statue of Dupleix,Pondicherry,Null,,3.5,123,11.9256127,79.834291
Aayi Mandapam,Pondicherry,8:00 AM,8:00 PM,4.1,259,11.9330782,79.8342027
Meeran Mosque,Pondicherry,Null,,4.6,43,11.9279412,79.8296582
Cluny Embroidery Centre,Pondicherry,9:00 AM,5:00 PM,4,12,11.9276875,79.8334366
Ananda Ranga Pillai Mansion,Pondicherry,10:00 AM,6:00 PM,3.4,28,11.9352556,79.8277921
Ganesh Garden,Pondicherry,9:00 AM,6:00 PM,3.8,527,11.9257833,79.8283389
ISKCON Pondicherry,Pondicherry,5:00 AM,8:30 PM,4.1,44,11.9485784,79.8237054
Ousteri Wetland and National Park,Pondicherry,Null,,3.6,117,11.9577385,79.7455956
Sri Karneshwar Nataraja Temple,Pondicherry,6:00 AM,9:00 PM,4,18,12.0533269,79.8783193
Mahatma Gandhi Statue,Pondicherry,Null,,4.5,2187,11.9325599,79.8359352
" Auroville Ashram, Pondicherry",Pondicherry,Null,,4.4,376,11.9365872,79.834006
Yanam Beach,Pondicherry,Null,,4.5,22,16.7271912,82.2175775
White Town,Pondicherry,Null,,4.2,183,11.933294,79.835729
Vedapureeswarar Temple,Pondicherry,8:30 AM,8:30 PM,4.7,513,11.9408883,79.8300719
Gol Gumbaz,Bijapur,10:00 AM,5:00 PM,4.5,"16,126",16.8302623,75.7361152
Ibrahim Rauza,Bijapur,6:00 AM,6:00 PM,4.5,193,16.8291224,75.6974358
 Jamia Masjid,Bijapur,9:00 AM,6:00 PM,4.6,2305,16.8242559,75.7374743
The Citadel,Bijapur,Null,,4.2,"15,232",16.8301708,75.710031
 Mithari and Asar Mahals,Bijapur,24 hour,,3.5,25,16.8259949,75.7201941
 Bijapur Fort,Bijapur,10:00 AM to 6:00 PM,,4.2,"15,322",16.8299689,75.7363025
 Bara Kaman,Bijapur,24 hour,,4.2,3177,16.8303151,75.7182706
Gagan Mahal,Bijapur,8:00 AM to 6:00 PM,,3.3,5,16.827433,75.720107
 Mehtar Mahal,Bijapur,8:00 AM to 6:00 PM,,4.4,60,16.8229173,75.7221608
 Saath Kabar,Bijapur,Null,,3.5,5,16.831978,75.6784906
 Sangeeth Nari Mahal,Bijapur,Null,,4.1,324,16.8281276,75.6575899
 Malik-e-Maidan,Bijapur,6:00 AM to 6:00 PM,,4.4,302,16.8317286,75.7089127
Upli Burj,Bijapur,Null,,4.1,57,16.8301708,75.710031
 Kudremukh National Park,Chikmagalur,10:00 AM - 5:00 PMTrekking hours: 6:00 AM - 5:00 PM,,4.5,324,13.2226055,75.2508229
 Mullayanagiri,Chikmagalur,24 hours. Avoid going after dark as it is unsafe.,,4.5,1282,13.3057243,75.7771991
 Bhadra Wildlife Sanctuary,Chikmagalur,"6:30 AM - 8:30 AM, 4:00 PM - 6:00 PM",,4.4,19156,13.6948738,75.635227
 Rafting in Bhadra River,Chikmagalur,Null,,5,82,13.2665586,75.4251222
 Baba Budangiri,Chikmagalur,8:00 AM - 5:00 PM,,4,331,13.422865,75.7703876
Coffee Plantations,Chikmagalur,Null,,4.1,154,13.3142764,75.7710348
Jhari Waterfalls,Chikmagalur,8:00 AM - 5:00 PM,,4.1,2993,13.4214718,75.7423854
Manikyadhara Falls,Chikmagalur,Null,,4.2,123,13.4219675,75.7701546
Kemmanagundi,Chikmagalur,Null,,4,13,13.55,75.75
 Belavadi,Chikmagalur,24 hour,,0,0,13.28358,75.9971183
Inam Dattatreya Peetha,Chikmagalur,"6:00 AM to 6:00 PM, Daily",,4.5,12,13.4327181,75.7549955
 Hirekolale Lake,Chikmagalur,24 hour,,4,131,13.358823,75.7117522
 Sringeri Sharada Peetham,Chikmagalur,6:00 AM - 8:00 PM,,4.8,"18,117",13.4162472,75.2519925
Coffee Museum,Chikmagalur,10:00 AM - 7:00 PMClosed on Saturday-Sunday,,,,13.341464,75.8102832
 Ballalarayana Durga Fort,Chikmagalur,"6:30 AM to 6:30 PM, Daily",,4.6,707,13.1324053,75.4148095
 Ghatikallu,Chikmagalur,Null,,4.1,750,13.161937,75.429564
 Kunduvada Kere,Davanagere,Null,,4.6,502,14.4550295,75.8926071
Bagali,Davanagere,Null,,3.5,41,14.8426667,75.9818819
Sri Anjaneya Swamy Temple,Davanagere,Null,,4.7,909,14.4405974,75.8983719
Karanji Mantapa,Davanagere,Null,,2.3,3,14.4644085,75.921758
Bathi Gudda,Davanagere,Null,,4,12,14.4859619,75.8550993
Sulekere,Davanagere,Null,,3.1,8,14.1278877,75.9056753
 Anekonda,Davanagere,Null,,3.1,38,14.4779759,75.9310821
Eshwara Temple,Davanagere,Null,,4.5,71,14.4502853,75.9290024
 Betur,Davanagere,Null,,3.1,37,14.47178,75.8941401
Khwaja Bande Nawaz Dargah,Gulbarga,"Every day, 8:00 AM to 6:00 PM",,4.7,2354,17.3439748,76.8508844
 Buddha Vihar,Gulbarga,Null,,4.4,1218,17.3066979,76.8925441
Gulbarga Fort,Gulbarga,9:00 AM to 5.30 PM,,4.6,202,17.3400443,76.8377121
Sharana Basaveshwara Temple,Gulbarga,9:00 AM - 6:00 PM,,4.6,7247,17.3361934,76.8261316
 Chandrampalli Dam,Gulbarga,Null,,4,13,17.5387919,77.4658948
Jama Masjid Gulbarga,Gulbarga,6:00 AM - 6:00 PM,,4.6,202,17.3408906,76.8304308
Haft Gumbaz,Gulbarga,Null,,4.6,11,17.3421087,76.844779
Koranti Hanuman Temple,Gulbarga,Null,,4.7,1687,17.3122369,76.8346528
 Shri Dattatreya Temple,Gulbarga,Null,,5,3,17.3465478,76.8380096
 Chandralamba Temple,Gulbarga,Null,,4.6,76,16.8287299,76.9073298
Hoysala Temples at Mosale,Hassan,Null,,3.4,45,13.3134296,76.1030007
Shettihalli Church,Hassan,Null,,4.1,4121,12.869655,76.0181524
Bhagwan Bahubali Statue,Hassan,Null,,4.5,387,13.0033234,76.1003894
Gorur Dam,Hassan,9:00 AM - 5:00 PM,,3.5,66,12.8220484,76.0544661
Kedareshwara Temple,Hassan,10:00 AM - 5:00 PM Closed on Friday,,4.6,423,13.2088534,75.9985426
Lakshmi Narasimha Temple,Hassan,7.30 AM to 5.30 PM,,4.6,270,13.0109318,76.475191
 Shri Ranganatha temple,Hassan,Null,,4.4,45,12.8542746,76.1811981
"Ishvara Temple, Arasikere",Hassan,"9:00 AM to 6:00 PM, Daily",,4.6,797,13.3184205,76.2600036
 Ramanathpura Temples,Hassan,Null,,4.6,1170,12.6165532,76.0841509
 Maharaja Park,Hassan,"6:00 AM to 8:00 PM, Every day",,4.1,3084,13.0080999,76.0998645
 Koravangala Temple,Hassan,Null,,4.6,160,13.0530949,76.1768493
Kabbaligere Hill,Hassan,Null,,4,3,12.6741933,76.0512245
 Bisle Ghat,Hassan,Null,,4.2,71,12.71983,75.6856818
Lakshmi Devi Temple,Hassan,Null,,4.7,643,13.0028115,76.0946757
Hasanamba Temple,Hassan,7:00 AM - 10:00 PM,,4.6,6620,13.0028115,76.0946757
Hemavathi Reservoir,Hassan,Null,,4.5,373,12.8137931,76.0217831
 Bhoga Narasimha Temple,Hassan,Null,,4.7,137,12.987229,76.216046
Jain Matt,Hassan,Null,,4.7,376,12.8566035,76.4892793
 Parvathamma Betta,Hassan,Null,,4.6,133,12.8907044,75.9026608
 Kappe Chennigaraya Temple,Hassan,Null,,4.5,17,13.1624635,75.8604267
 Allalanatha Temple,Hassan,Null,,4.6,33,13.0028115,76.0946757
Hulikere Pond,Hassan,Null,,4,16,13.1967297,76.005824
Siddharoodha Math,Hubli,,,4.7,6621,15.3350063,75.1189894
Unkal Lake,Hubli,,,4.1,426,15.3350063,75.1189894
Chandramouleshwara Temple,Hubli,,,4,21,15.3350063,75.1189894
Indira Gandhi Glass House Garden,Hubli,,,3.7,1112,15.3350063,75.1189894
Nrupatunga Hill,Hubli,,,4.3,1633,15.3350063,75.1189894
Country Club Water World,Hubli,,,3.5,507,15.3350063,75.1189894
Navagraha Teertha,Hubli,,,4.2,319,15.3350063,75.1189894
Banashankari Temple,Hubli,,,4.3,250,15.3350063,75.1189894
Gayatari Tapovan,Hubli,,,4.5,83,15.3350063,75.1189894
Sayed Fateh Shan Dargha,Hubli,,,4.7,311,15.3350063,75.1189894
ISKCON Krishna Balarama Temple,Hubli,,,4.6,1680,15.3350063,75.1189894
St. Joseph Church,Hubli,,,4.6,5,15.3350063,75.1189894
Vittal Temple,Hubli,,,4.6,5,15.3350063,75.1189894
EshwaraTemple,Hubli,,,5,2,15.3350063,75.1189894
Bannigida Maruthi Temple,Hubli,,,4.3,11,15.3350063,75.1189894
Panambur Beach,Mangalore,Null,,4.2,"12,457",12.9369411,74.8046043
Kudroli Temple,Mangalore,Null,,4.5,565,12.8765379,74.832386
St Aloysius Chapel,Mangalore,"7:00 AM - 7:00 PMMass Timings: 7:00 AM, 9:00 AM, 11:00 AM, 5:30 PM on Sunday, 6:00 AM on Monday, 8:00 AM on Tuesday, Thursday and Friday",,4.6,1623,12.8738405,74.8453608
Kadri Manjunath Temple,Mangalore,"6:30 AM to 8:30 PM, Everyday",,4.8,5421,12.8857411,74.8554198
Sultan Battery,Mangalore,24 hour,,4.2,6090,12.8896981,74.8210911
Kadri Park,Mangalore,"7:00 AM to 8:00 PM, Everyday",,4.3,450,12.8889802,74.8562231
Pilikula Park and Golf Course,Mangalore,"7:00 AM to 7:00 PM, Everyday",,4.3,729,12.927873,74.89349
 Tannirbhavi Beach,Mangalore,24 hour,,4.5,1886,12.8913022,74.8138741
New Mangalore Port,Mangalore,9:00 AM to 7:00 PM,,3.1,34,12.928109,74.822216
Rosario Cathedral,Mangalore,"9:00 AM - 5:00 PM every dayMass TimingsSunday: 5:30 AM, 6:30 AM, 8:00 AM, 9:15AM and 10:15 AMWeekdays: 5:30 AM, 6:30 AM (Monday to Thursday) and 5:00 PM (Friday and Saturday)",,4.5,34,12.8559848,74.8363104
 Ullal Beach,Mangalore,Null,,4.2,562,12.8075765,74.8422695
 Milagres Church,Mangalore,"Mass TimingsSaturday: 4:30 PMSunday: 8:15 AM and 9:30 AM (Children's Mass)Weekday Mass: 6:00 AM, 7:00 AM and 6:00 PM",,4.6,211,12.8671419,74.8450475
 Mangaladevi Temple,Mangalore,"6:00 AM - 10:00 AM, 12:00 PM - 1:00 PM and 4:00 PM - 8:00 PM",,4.5,130,12.8517609,74.848764
Surathkal Beach,Mangalore,6:00 AM - 6:00 PM,,4.5,131,12.9951009,74.8094458
Someshwar Beach,Mangalore,Null,,4.4,20,12.7862087,74.8534545
 Sakleshpur,Mangalore,Null,,5,2,12.9441511,75.7865653
 Bejai Museum,Mangalore,"6:00 AM ?5:30 PM, Closed Monday",,4.1,286,12.8869346,74.8487993
 Kateel Durgaparameshwari Temple,Mangalore,5:30 AM - 10:00 PM,,4.8,"15,802",13.043881,74.8700804
Sasihithlu Beach,Mangalore,24 hr,,4.5,3564,13.0707262,74.7766835
 Pilikula Nisargadhama,Mangalore,8:30 AM - 5:30 PM,,4.3,1634,12.9276515,74.8969476
Sharavu Mahaganapathi Temple,Mangalore,6:00 AM - 7:00 PM,,4.8,"2,051",12.87028,74.840901
 Polali Rajarajeshwari Temple,Mangalore,6:00 AM - 9:30 PM,,4.9,7327,12.934111,74.9554186
Forum Fiza Mall,Mangalore,10:00 AM - 10:00 PM,,4.4,"23,200",12.8575897,74.8383386
 City Centre Mangalore,Mangalore,10:00 AM - 10:00 PM,,4.4,"32,279",12.8712557,74.8427679
 Thousand Pillar Temple,Mangalore,9:00 AM - 8:00 PM,,4.5,1478,13.0742056,74.9979768
 Pilikula Science Centre,Mangalore,10:00 AM - 5:30 PM,,4.5,589,12.9251122,74.8994402
Mysore Palace,Mysore,10:00 AM - 5:30 PM,,4.6,"1,78,158",12.305163,76.6551749
Brindavan Gardens,Mysore,Garden timings: 7:00 AM - 8:00 PM (Weekdays)7:00 AM - 9:00 PM (Weekends) Musical Fountain Show: 6:30 PM - 8:00 PM (Weekdays)6:30 PM - 9:00 PM (Weekends),,4.3,"70,967",12.4217156,76.5727862
Somanathapura Temple,Mysore,9:00 AM - 5:30 PM,,4.5,827,12.2758033,76.8821849
 Mysore Zoo,Mysore,"8:30 AM - 5:30 PM, Closed on Tuesdays.",,4.5,"82,129",12.3022057,76.6641882
 Chamundeshwari Temple,Mysore,"7:30 AM - 2:00 PM, 3:30 PM - 6:00 PM, 7:30 PM - 9:00 PM",,4.7,21958,12.2724581,76.6707227
Shuka Vana,Mysore,"hursday - Tuesday: 9:30 AM - 12:30 PM, 3:30 PM - 5:30 PMClosed on Wednesday",,4.6,709,12.284508,76.656936
Bonsai Garden,Mysore,"hursday - Tuesday: 9:30 AM - 1:00 PM, 3:30 PM - 5:30 PMClosed on Wednesday",,4.6,926,12.2845261,76.6580007
Karanji Lake,Mysore,8:30 AM - 5:30 PM (Closed on Tuesdays),,4.7,178,12.302778,76.673611
GRS Fantasy Park,Mysore,"Sunday: 10:30 AM - 7:30 PM, Monday - Saturday: 10:30 AM - 6:00 PM",,4.3,880,12.3531329,76.6346149
St. Philomena's Church,Mysore,"5:00 AM - 6:00 PM, Everyday",,4.5,"23,625",12.3210417,76.6582635
Jaganmohan Palace,Mysore,"10:00 AM - 5:30 PM, Daily",,4.1,7394,12.3068751,76.6498627
 Talakadu,Mysore,Null,,4,18,12.1946782,77.030539
Folklore Museum,Mysore,Null,,4.3,417,12.3134557,76.6226195
"Rail Museum, Mysore",Mysore,"10:00 AM - 5:30 PM, Closed on Mondays.",,4.2,5423,12.3163393,76.643323
Trinesvaraswamy Temple,Mysore,Null,,4.3,30,12.3056076,76.6575326
Nanjangud,Mysore,Best Time to visit : Oct to Mar 6:00 AM - 1:30 PM 4:00 PM - 9:00 PM 6:00 AM - 10:00 PM (for Sundays),,5,12,12.1159697,76.678249
Melukote Temples,Mysore,Null,,4.5,117,12.6602119,76.6476455
Srikanteswara Temple,Mysore,Null,,4.5,166,12.3077591,76.6513265
 Lalitha Mahal Palace,Mysore,Null,,4.3,5376,12.2982956,76.6926105
Mysore Mandala Yoga Shala,Mysore,Null,,4.2,24,12.2936788,76.6482881
 Kunti Betta,Mysore,24 hr,,4.5,1445,12.5083333,76.6980556
Chunchanakatte Falls,Mysore,24 hr,,4.3,3386,12.5061586,76.2959558
 Balmuri Waterfalls,Mysore,24 hr,,4.2,"10,580",12.4136785,76.6053077
 Dr. Ambedkar's Park,Mysore,Null,,4.3,727,12.2916,76.64135
 Lingambudhi Park,Mysore,Null,,4.4,1540,12.2743962,76.6157284
Javaregowda Park,Mysore,Null,,4.3,4256,12.301075,76.6295383
 Sanjeevini Park,Mysore,Null,,4.4,1191,12.2996128,76.6249794
 Cheluvamba Park,Mysore,Null,,4.3,"3,208",12.3215512,76.6365782
 Freedom Fighter's Park,Mysore,Null,,4.1,825,12.3028632,76.6460746
Lingambudhi Lake,Mysore,Null,,4.5,122,12.269372,76.611978
Edmuri Falls,Mysore,Null,,4.3,2225,12.4136785,76.6053077
 Krishnarajasagar Dam,Mysore,6:30 AM - 9:00 PM,,4,109,12.4254763,76.5724381
 Ranganathittu Bird Sanctuary,Mysore,"9:00 AM - 6:00 PM, Everyday",,4.3,"16,301",12.4243603,76.6563492
Kodachadri,Shimoga,Null,,4.7,2475,13.8623079,74.8752009
Jog Falls,Shimoga,Null,,4,112,14.2294389,74.8125229
Agumbe,Shimoga,Null,,4.5,47,13.5026635,75.0903154
Honnemaradu,Shimoga,Null,,4,18,14.1788901,74.8755663
Keladi,Shimoga,"6:00 AM to 8:00 PM, Every Day",,4.5,5,14.2176458,75.0173035
Tyavarekoppa Tiger and Lion Safari,Shimoga,Null,,4.2,3166,13.9719682,75.4936236
Sakrebailu Elephant Camp,Shimoga,"8:30 AM to 11:00 AM, Daily",,4.5,210,13.8407399,75.5134146
 Dabbe Falls,Shimoga,No timings. But 6:00 AM to 6:00 PM is recommended as it is safer.,,5,3,14.1664809,75.0334462
 Kundadri,Shimoga,Null,,4.5,12,13.5575,75.170278
Gudavi Bird Sanctuary,Shimoga,"6:00 AM to 6:00 PM, Every Day",,3.4,41,14.4464073,75.0085399
 Bhadra Dam,Shimoga,"6:00 AM ?4:00 PM, Everyday",,5,2,13.9299299,75.568101
Tyavarekoppa Tiger and Lion Safari,Shimoga,"10:00 AM to 5:00 PM, Wednesday to Monday",,4.2,3166,13.9719682,75.4936236
 Mandagadde Bird Sanctuary,Shimoga,"7:00 Am to 7:00 PM, Daily",,3.7,788,13.7400716,75.4592356
 Gajanur Dam,Shimoga,"10:00 AM to 4:00 PM, Daily",,3.1,76,13.8234057,75.5233026
 Barkana Falls,Shimoga,November - January,,4.1,30,13.4881474,75.0935483
 Onake Abbi Falls,Shimoga,Null,,4.4,238,13.5131092,75.0746696
 Shivappa Nayaka Palace Museum,Shimoga,"10:00 AM to 5:00 PM, Closed All Monday",,4.3,417,13.9275643,75.5835958
Sacred Heart Church,Shimoga,Null,,4.5,620,13.9329724,75.5797357
 Hosahalli,Shimoga,Null,,3,30,13.879708,75.5607846
 Mattur,Shimoga,Null,,3.3,13,13.8997293,75.5759809
Nagara Fort,Shimoga,"9:00 AM to 5:00 PM, Every Day",,4,15,13.8215909,75.0304481
 Kunchikal Falls,Shimoga,"6:00 AM to 6:00 PM, Everyday",,5,1,13.6937514,75.0191385
Tunga Anicut Dam,Shimoga,"10:00 AM to 5:00 PM, Daily",,4,10,13.9299299,75.568101
 Kanoor Fort,Shimoga,Null,,3.2,7,14.1378241,74.7063124
Linganamakki Dam,Shimoga,24 Hours. But ideal time to visit is 6:00 AM to 8:00 AM,,5,12,14.0549312,74.903339
 Unchalli Falls,Shimoga,All time,,3.7,59,14.4090712,74.7474233
Shivaganga Falls,Shimoga,Null,,4,12,14.7973955,74.7567895
Jogigundi Falls,Shimoga,Null,,4.4,238,14.0434769,73.273739
Sigandur Chowdeshwari Temple,Shimoga,Null,,5,3,14.0759135,74.8728269
Koodli,Shimoga,7:00 AM - 5:00 PM,,4,13,14.004254,75.6739005
"Shiva Temple, Shimoga",Shimoga,Null,,4.4,2935,13.9288797,75.5749618
Gandhi Park,Shimoga,Null,,4,5026,13.9336496,75.5761047
 Hidlumane Falls,Shimoga,Null,,4.6,1006,13.8737276,74.9131701
 Achakanya Falls,Shimoga,Null,,4,18,13.9299299,75.568101
 Kavaledurga,Shimoga,"8:30 AM - 5:30 PM, Everyday",,4.5,39,13.710946,75.1341064
St. Mary's Island,Udupi,"Ferry from Malpe: 9:30 AM - 5:30 PM,June - September: Closed",,4,231,13.3795,74.673
Kudlu Falls,Udupi,"9:00 AM to 4:00 PM, Everyday",,4.6,1535,13.41299,75.121136
Malpe Beach,Udupi,Open throughout the day (Best time to visit: October & December),,4.6,2869,13.3613804,74.6976506
Jomlu Teertha,Udupi,10:00 AM to 4:00 PM,,4,13,13.4781986,74.9239109
Krishna Temple,Udupi,4:00 AM - 9:00 PM. Nirmalya Visarjan Pooja is held at 5:30 AM.,,4.7,"25,628",13.3411806,74.7520204
Kodi Beach,Udupi,Null,,4.5,13,13.6141395,74.6705993
Kaup Beach,Udupi,Null,,4.2,24,13.3368614,74.7395159
Pajaka Kshetra,Udupi,Null,,4.8,538,13.2713881,74.7921734
Chandramouleshwara Temple,Udupi,Null,,4.6,102,13.3408416,74.7521433
 Mookambika Temple,Udupi,Null,,5,3,13.8637888,74.8144538
 Anantheshwara Temple,Udupi,4:30 AM to 9:00 PM. Mondays are an auspicious day.,,4.8,173,13.3407483,74.7517202
Coin Museum,Udupi,10:00 AM - 05:00 PM Closed on Sunday,,4.5,391,13.3427756,74.7503167
 Pajaka Kshetra,Udupi,Null,,4.8,537,13.2713881,74.7921734
 Sri Brahmi Durgaparameshwari Temple,Udupi,Null,,4.8,6,13.3036263,74.7958642
 Anantha Padmanabha Temple,Udupi,Null,,4.6,238,13.3424479,74.762395
Sri Indrani Panchadurga Parameshwari Temple,Udupi,Null,,4.6,365,13.3386111,74.7783333
Anejhari Butterfly Camp,Udupi,Null,,4.5,108,13.7667312,74.7885822
Kollur,Udupi,Null,,4.5,24,13.8631865,74.8104053
Calangute Beach,Goa,Null,,4.4,"15,660",15.5365726,73.7642463
Fort Aguada,Goa,9:30 AM,6:00 PM,4.2,"66,547",15.5056095,73.7705556
Cruise in Goa,Goa,Null,,4,13,15.5057778,73.9119222
Water Sports in Goa,Goa,Null,,0,0,15.5537716,73.7574843
 Dudhsagar Falls,Goa,Null,,4.6,"18,020",15.3144375,74.3143073
Anjuna Beach,Goa,Null,,4.4,9834,15.5733497,73.7409781
Chapora Fort,Goa,9:30 AM,5:30 PM,4.3,2671,15.6046375,73.7369631
Thalassa,Goa,8:30 AM,1:00 AM,4.4,"17,395",15.6162209,73.7556329
Basilica of Bom Jesus,Goa,9:00 AM,6:30 PM,4.5,"31,265",15.5008938,73.9116272
Baga Beach,Goa,Null,,4.5,"20,087",15.5552787,73.7517307
 Butterfly Beach,Goa,6:00 AM,10:00 PM,4.5,1747,15.0196019,74.001647
Divar Island,Goa,24hrs,24hrs,4.5,13,15.5276933,73.9065883
Scuba Diving in Goa,Goa,Null,,4.8,135,15.5420773,73.760789
 Dona Paula,Goa,6:00 AM,10:00 PM,4,141,15.4539555,73.828269
Arambol Beach,Goa,Null,,4.6,5545,15.6846886,73.7032836
Vagator Beach,Goa,Null,,4,1365,15.5989243,73.7419932
Fontainhas and Sao Tome,Goa,Null,,4.4,3649,15.2993265,74.123996
Church of Our Lady of the Immaculate Conception,Goa,9:30 AM,7:30 PM,4.5,"18,489",15.4986628,73.8292705
Tito's Nightclub,Goa,9:00 PM,3:00 AM,3,13,15.5562425,73.7531627
Brittos,Goa,8:30 AM,12:00 AM,4.3,"26,634",15.5613278,73.7494609
Mambos,Goa,8:00 PM,3:30 AM,4,1602,15.5561084,73.7521594
 Club LPK - Love Passion Karma,Goa,9:30 AM,3:30 AM,3.7,1761,15.5140754,73.7831816
Palolem Beach,Goa,Null,,4.6,"19,694",15.0099648,74.0232186
Bungee Jumping in Goa,Goa,Null,,0,0,15.5762313,73.9410691
Colva Beach,Goa,Null,,4,1421,15.2777852,73.9209512
Morjim Beach,Goa,Null,,4.9,59,15.6266044,73.7319807
Casino,Goa,Null,,5,11,15.5016184,73.8274399
Agonda Beach,Goa,Null,,4.5,17,15.0437626,73.9857577
Candolim Beach,Goa,Null,,4,12,15.5276047,73.7655121
 Se Cathedral,Goa,7:30 AM,6:00 PM,4.5,4375,15.5038769,73.9121918
 Cavelossim Beach,Goa,Null,,4.5,115,15.1715011,73.941493
 Patnem Beach,Goa,Null,,4.5,583,14.9978175,74.0402066
Betalbatim Beach,Goa,Null,,4.6,753,15.2926227,73.9078744
 Fort Tiracol,Goa,9:00 AM,7:00 PM,4.2,1654,15.7213751,73.686522
Grande Island,Goa,8:30 AM,4:00 PM,4.3,181,15.3527247,73.7779386
Bhagwan Mahavir Wildlife Sanctuary,Goa,8:00 AM,5:30 PM,4.4,23339,15.3339015,74.2883536
Arvalem Waterfalls,Goa,8:00 AM,6:00 PM,4.1,4162,15.5510768,74.0266517
 Mollem National Park,Goa,8:00 AM,5:00 PM,4,31,15.379378,74.231229
Church of St. Cajetan,Goa,9:00 AM,7:00 PM,4.6,621,15.5055969,73.9150423
 Bambolim Beach,Goa,Null,,3.5,31,15.4521897,73.8487063
 Butterfly Conservatory Of Goa,Goa,Null,,4.7,424,15.4295587,74.0124491
Sri Mahadeva Temple,Goa,Null,,4.3,12,15.0351091,74.173214
 Church of St Francis of Assisi,Goa,Null,,4.4,3662,15.5030684,73.9112497
 Cabo de Rama Beach,Goa,Null,,4.7,141,15.0887849,73.9215933
Church Of St Augustine,Goa,8:30 AM,5:30 PM,4.4,2141,15.5005094,73.9064616
 Savoi Spice Plantation,Goa,Null,,4.1,178,15.493259,74.000909
 Ashwem Beach,Goa,Null,,4.5,6191,15.6437966,73.7174025
View Point-manjeri,Manjeri,24hrs,,4.2,154,11.128053,76.133048
Cherani Tourism Udyan,Manjeri,8:00 AM,8:30 PM,3.7,317,11.133709,76.1125128
Varyan Chola Waterfalls Manjeri,Manjeri,24hrs,,3.5,6,11.1094207,76.1326906
NAMBI HILLS,Manjeri,Null,,4,1,11.1175034,76.0907386
View point para,Manjeri,24hrs,,5,3,11.1091647,76.1450677
Aryan Chola Watter Falls Manjeri,Manjeri,Null,,4.5,2,11.1015535,76.1281273
Thoppil View Point,Manjeri,24hrs,,4.9,7,11.0994501,76.0849045
Mini Ooty,Manjeri,24hrs,,4,"3,908",11.0870237,76.0359719
Pullanjeri Waterfall Manjeri,Manjeri,Null,,4.2,6,11.0975986,76.1463181
Koomankulam View Point,Manjeri,Null,,4,1,11.1466917,76.1411916
Pulpatta hill view,Manjeri,24hrs,,4.4,34,11.1360799,76.086952
Kolayi View Point,Manjeri,Null,,4.4,116,11.0810929,76.0802356
Cheruppadi Mala,Manjeri,24hrs,,4.2,"1,662",11.1091372,75.9902939
Silsila Water Theme Park,Manjeri,,,3.2,278,11.1322724,76.1346709
Pulpatta heaven point,Manjeri,Null,,4.7,15,11.1327258,76.084296
Thalassery Fort,Thalassery,8:00 AM,6:00 PM,4.2,"6,177",11.7481105,75.4865881
Sea View Park Thalassery,Thalassery,9:00 AM,9:00 PM,4,"2,054",11.7545031,75.4823881
Thalassery Sea Bridge View Point,Thalassery,Null,,4.3,"2,088",11.7442439,75.4886085
Thalassery River Drive,Thalassery,24hrs,,3.5,4,11.7847539,75.5131117
St. John's Anglican Church,Thalassery,8:00 AM,9:00 PM,4.3,35,11.747688,75.48597
Odathil Palli,Thalassery,24hrs,,4.6,216,11.7486641,75.4901341
Jawahar Ghat Thalassery,Thalassery,11:02 AM,4:05 PM,3.5,25,11.7473439,75.4858831
Gundert Bungalow,Thalassery,10:00 AM,6:00 PM,3.9,398,11.7677031,75.4806289
Thiruvangad Sree Ramaswami Temple,Thalassery,6:00 AM,9:00 PM,4.7,"1,419",11.7455714,75.5035722
Centenary Park,Thalassery,8:00 AM,11:00 PM,4,409,11.7569261,75.4797134
Sri Lakshmi Narasimha Temple Thalassery,Thalassery,Null,,4.6,93,11.7461198,75.4920995
Old Juma Masjid,Thalassery,"7:00AM,1:30PM","12:00PM,6:30PM",5,3,11.7514541,75.4851477
Hill Palace Museum,Thrippunithura,"9:30AM,2:00PM","12:30PM,4:30PM",4.3,"11,308",9.9525895,76.3639256
Sree Poornathrayeesa Temple,Thrippunithura,3:45 AM,8:30 PM,4.8,4182,9.9450988,76.3421127
Thanneerchaal Park,Thrippunithura,8:00 AM,5:30 PM,4,"1,529",9.9584474,76.3604495
Mangalavanam Bird Sanctuary,Thrippunithura,9:00 AM,6:00 PM,3.7,"6,305",9.9887401,76.272524
Mekkara Park,Thrippunithura,3:00 PM,9:00 PM,3.8,415,9.9324497,76.3563323
View Point,Thrippunithura,9:00 AM,7:30 PM,5,3,9.9236375,76.3232389
Vasco da Gama Square,Thrippunithura,24hrs,,4.3,"5,412",9.9677474,76.2413264
Panangad Jetty,Thrippunithura,24hrs,,4.5,177,9.8830137,76.329587
Chottanikkara Bhagavathy Temple,Thrippunithura,"3:30AM,4:30PM","11:30AM,7:30PM",4.7,"18,505",9.9330911,76.391136
St. George Jacobite Syrian Cathedral,"Thrippunithura,, Karingachira",7:00 AM,8:00 PM,4.6,"11,314",9.9516965,76.3577837
Sunset View Point,Thrippunithura,24hrs,,4.3,36,9.8521295,76.551522
St. Mary's Forane Church,Thrippunithura,"5:30AM,5:30PM","8:30AM,8:00PM",4.5,"1,145",9.944715,76.3485766
